21:03:41;-0.03844786; 0.16146640; 0.98612900
21:03:41;-0.03847821; 0.16145120; 0.98613030
21:03:41;-0.03882096; 0.16197600; 0.98603080
21:03:41;-0.03879479; 0.16207430; 0.98601570
21:03:41;-0.03844763; 0.16198500; 0.98604390
21:03:41;-0.03925595; 0.16226730; 0.98596570
21:03:42;-0.04021190; 0.16168380; 0.98602300
21:03:42;-0.04010405; 0.16113120; 0.98611780
21:03:42;-0.04256989; 0.16221610; 0.98583660
21:03:42;-0.04428752; 0.16290250; 0.98564770
21:03:42;-0.04506060; 0.16354730; 0.98550590
21:03:42;-0.04732014; 0.16421010; 0.98528980
21:03:42;-0.04556717; 0.16346970; 0.98549540
21:03:42;-0.04571928; 0.16281210; 0.98559730
21:03:42;-0.04539565; 0.16270050; 0.98563060
21:03:42;-0.02385581; 0.15974550; 0.98686990
21:03:43;0.02598251; 0.15468040; 0.98762290
21:03:43;0.26312560; 0.14596470; 0.95365570
21:03:43;0.46039320; 0.25066520; 0.85158970
21:03:43;0.54765450; 0.19909440; 0.81267210
21:03:43;0.60806980; 0.14711840; 0.78013280
21:03:43;0.66829850; 0.13179330; 0.73212540
21:03:43;0.66867720; 0.13451540; 0.73128410
21:03:43;0.65413290; 0.09298116; 0.75064280
21:03:43;0.64658140; 0.06760626; 0.75984340
21:03:43;0.62584910; 0.04513311; 0.77863720
21:03:44;0.60880710; 0.04323735; 0.79213910
21:03:44;0.53503320; 0.05578616; 0.84298720
21:03:44;0.46073970; 0.11242440; 0.88038610
21:03:44;0.29475170; 0.23370130; 0.92655550
21:03:44;0.24559980; 0.25639440; 0.93484900
21:03:44;0.17672760; 0.26489320; 0.94794460
21:03:44;0.16135190; 0.29436550; 0.94197370
21:03:44;0.15306480; 0.32574900; 0.93298380
21:03:44;0.15874750; 0.31935420; 0.93424420
21:03:44;0.16297570; 0.30636320; 0.93785950
21:03:45;0.16395880; 0.30573060; 0.93789460
21:03:45;0.16421230; 0.30336550; 0.93861790
21:03:45;0.15870630; 0.28548010; 0.94515260
21:03:45;0.14991220; 0.27650140; 0.94924880
21:03:45;0.14582760; 0.26524980; 0.95308800
21:03:45;0.13933700; 0.25602090; 0.95657650
21:03:45;0.14080370; 0.25160770; 0.95753220
21:03:45;0.14996790; 0.25093350; 0.95631690
21:03:45;0.15211740; 0.26221530; 0.95294460
21:03:45;0.15301690; 0.26611690; 0.95171830
21:03:46;0.15344100; 0.26646200; 0.95155340
21:03:46;0.15417480; 0.27159690; 0.94998170
21:03:46;0.15271740; 0.27315920; 0.94976910
21:03:46;0.13803460; 0.28547500; 0.94839360
21:03:46;0.10713570; 0.33642110; 0.93559750
21:03:46;0.09558754; 0.37287080; 0.92294660
21:03:46;0.06887300; 0.39351050; 0.91673660
21:03:46;0.05941169; 0.40210240; 0.91366510
21:03:46;0.04847326; 0.40656480; 0.91233520
21:03:46;0.03701398; 0.40619910; 0.91303460
21:03:47;0.03071877; 0.40623350; 0.91325280
21:03:47;0.02143618; 0.39619680; 0.91791530
21:03:47;0.02501038; 0.39469580; 0.91847140
21:03:47;0.03221719; 0.39856780; 0.91657290
21:03:47;0.03969326; 0.39878130; 0.91618660
21:03:47;0.03539754; 0.38703440; 0.92138560
21:03:47;0.03362659; 0.37301380; 0.92721620
21:03:47;0.01919457; 0.34786180; 0.93734930
21:03:47;-0.00490818; 0.34649070; 0.93804060
21:03:47;-0.00309529; 0.34294640; 0.93934990
21:03:48;0.03548764; 0.35650360; 0.93361970
21:03:48;0.07935439; 0.34111460; 0.93666630
21:03:48;0.09463217; 0.32317500; 0.94159590
21:03:48;0.09841201; 0.31293550; 0.94466210
21:03:48;0.06799002; 0.32013660; 0.94492850
21:03:48;0.05392759; 0.30506680; 0.95080290
21:03:48;0.03087924; 0.30064960; 0.95323460
21:03:48;-0.00358373; 0.26952660; 0.96298630
21:03:48;-0.01431393; 0.26722530; 0.96352770
21:03:48;-0.01722557; 0.29345930; 0.95581640
21:03:49;-0.00433977; 0.28637130; 0.95810890
21:03:49;0.00157775; 0.28767960; 0.95772540
21:03:49;0.01025671; 0.30635670; 0.95186160
21:03:49;0.01681033; 0.32319120; 0.94618430
21:03:49;0.01547923; 0.33872230; 0.94075910
21:03:49;0.02251364; 0.35630430; 0.93409870
21:03:49;0.01644656; 0.34036840; 0.94014830
21:03:49;-0.00290722; 0.33486410; 0.94226190
21:03:49;-0.00812640; 0.33815520; 0.94105530
21:03:49;-0.01480631; 0.32913880; 0.94416550
21:03:50;0.00045743; 0.33904190; 0.94077120
21:03:50;0.02166892; 0.32081800; 0.94689300
21:03:50;0.02904682; 0.32553890; 0.94508240
21:03:50;0.03561230; 0.31782550; 0.94748020
21:03:50;0.03076236; 0.30882290; 0.95062200
21:03:50;0.01643448; 0.29813750; 0.95438140
21:03:50;0.00699467; 0.31323070; 0.94965130
21:03:50;0.00751287; 0.32347230; 0.94620780
21:03:50;0.01438038; 0.28918610; 0.95716490
21:03:50;0.01503824; 0.31259820; 0.94976640
21:03:51;0.00472583; 0.32768620; 0.94477480
21:03:51;-0.01144505; 0.32329860; 0.94622780
21:03:51;-0.02556752; 0.31853590; 0.94756590
21:03:51;-0.03135408; 0.30911150; 0.95050880
21:03:51;-0.03708519; 0.30244250; 0.95244590
21:03:51;-0.04212616; 0.30140410; 0.95256540
21:03:51;-0.05055785; 0.29954030; 0.95274320
21:03:51;-0.05331818; 0.29399120; 0.95431980
21:03:51;-0.06109247; 0.28079980; 0.95782000
21:03:51;-0.09768113; 0.27455460; 0.95659720
21:03:52;-0.11657840; 0.26937280; 0.95595390
21:03:52;-0.12013540; 0.26819170; 0.95584550
21:03:52;-0.10886370; 0.26396340; 0.95836940
21:03:52;-0.11228860; 0.26298320; 0.95824370
21:03:52;-0.11510950; 0.26486530; 0.95739030
21:03:52;-0.11419450; 0.26265000; 0.95810990
21:03:52;-0.10898300; 0.25972700; 0.95951270
21:03:52;-0.10884210; 0.25933850; 0.95963380
21:03:52;-0.11147300; 0.25877540; 0.95948370
21:03:52;-0.11546270; 0.27020430; 0.95585460
21:03:53;-0.12145550; 0.26976860; 0.95523480
21:03:53;-0.12704580; 0.27633940; 0.95262580
21:03:53;-0.13552650; 0.27560400; 0.95166960
21:03:53;-0.13718240; 0.27260320; 0.95229640
21:03:53;-0.13736900; 0.27066040; 0.95282350
21:03:53;-0.13571360; 0.26207250; 0.95545790
21:03:53;-0.13717480; 0.26145920; 0.95541730
21:03:53;-0.13827810; 0.25823550; 0.95613470
21:03:53;-0.13551140; 0.25442170; 0.95755230
21:03:53;-0.13267240; 0.25437800; 0.95796130
21:03:54;-0.12801170; 0.25249640; 0.95909260
21:03:54;-0.12717820; 0.25185540; 0.95937200
21:03:54;-0.12839180; 0.25329950; 0.95882990
21:03:54;-0.13183220; 0.25374800; 0.95824440
21:03:54;-0.13093750; 0.25240800; 0.95872080
21:03:54;-0.12975160; 0.24957720; 0.95962270
21:03:54;-0.13043640; 0.25052710; 0.95928230
21:03:54;-0.13074870; 0.25205080; 0.95884050
21:03:54;-0.13118330; 0.25487480; 0.95803430
21:03:54;-0.12992170; 0.25618570; 0.95785660
21:03:54;-0.12927390; 0.25676270; 0.95778980
21:03:55;-0.12929150; 0.25752580; 0.95758250
21:03:55;-0.12989520; 0.25987180; 0.95686670
21:03:55;-0.12887850; 0.25920900; 0.95718390
21:03:55;-0.12739520; 0.25956540; 0.95728590
21:03:55;-0.12708870; 0.25986480; 0.95724540
21:03:55;-0.12667840; 0.26121470; 0.95693230
21:03:55;-0.12716820; 0.26046400; 0.95707200
21:03:55;-0.12893410; 0.26006850; 0.95694320
21:03:55;-0.12917940; 0.25825800; 0.95740040
21:03:56;-0.12955980; 0.25843190; 0.95730200
21:03:56;-0.13035320; 0.25803410; 0.95730170
21:03:56;-0.13444050; 0.26006230; 0.95618690
21:03:56;-0.13545000; 0.25893280; 0.95635090
21:03:56;-0.13564790; 0.25759050; 0.95668530
21:03:56;-0.13562690; 0.25661290; 0.95695100
21:03:56;-0.13522030; 0.25488950; 0.95746900
21:03:56;-0.13662770; 0.25374150; 0.95757410
21:03:56;-0.13763790; 0.25387630; 0.95739360
21:03:56;-0.13714880; 0.25279490; 0.95774990
21:03:57;-0.13867070; 0.25231260; 0.95765800
21:03:57;-0.13793110; 0.25279140; 0.95763850
21:03:57;-0.13840390; 0.25181440; 0.95782770
21:03:57;-0.13634460; 0.25063240; 0.95843290
21:03:57;-0.13758930; 0.24940310; 0.95857570
21:03:57;-0.13738890; 0.24995670; 0.95846020
21:03:57;-0.13689770; 0.24888040; 0.95881050
21:03:57;-0.13630160; 0.24876870; 0.95892440
21:03:57;-0.13658010; 0.24847060; 0.95896200
21:03:57;-0.13633470; 0.24868430; 0.95894160
21:03:58;-0.13389020; 0.24937110; 0.95910760
21:03:58;-0.13450180; 0.24902710; 0.95911150
21:03:58;-0.13252320; 0.25195760; 0.95862140
21:03:58;-0.13140260; 0.25253580; 0.95862350
21:03:58;-0.13021180; 0.25403890; 0.95838880
21:03:58;-0.12965800; 0.25515900; 0.95816630
21:03:58;-0.12751240; 0.25563090; 0.95832850
21:03:58;-0.12599260; 0.25627260; 0.95835810
21:03:58;-0.12634090; 0.25455530; 0.95876980
21:03:58;-0.12559360; 0.25542580; 0.95863650
21:03:59;-0.12479890; 0.25263490; 0.95947950
21:03:59;-0.12515990; 0.25157320; 0.95971140
21:03:59;-0.12415270; 0.25102120; 0.95998670
21:03:59;-0.12287840; 0.24851380; 0.96080270
21:03:59;-0.12248320; 0.24733040; 0.96115850
21:03:59;-0.12436050; 0.24566040; 0.96134560
21:03:59;-0.12406480; 0.24541470; 0.96144660
21:03:59;-0.12402420; 0.24487790; 0.96158870
21:03:59;-0.12496930; 0.24464510; 0.96152560
21:03:59;-0.12524870; 0.24469200; 0.96147730
21:04:00;-0.12491310; 0.24325870; 0.96188460
21:04:00;-0.12368080; 0.24236400; 0.96226960
21:04:00;-0.12409940; 0.24182540; 0.96235120
21:04:00;-0.12462090; 0.24306270; 0.96197200
21:04:00;-0.12496140; 0.24178590; 0.96224960
21:04:00;-0.12503020; 0.24245050; 0.96207340
21:04:00;-0.12329100; 0.24373720; 0.96197270
21:04:00;-0.12009410; 0.24450120; 0.96218320
21:04:00;-0.11965430; 0.24569750; 0.96193330
21:04:00;-0.11587180; 0.24561310; 0.96241770
21:04:01;-0.11299340; 0.24675170; 0.96246870
21:04:01;-0.11316520; 0.24797390; 0.96213440
21:04:01;-0.11178340; 0.24974590; 0.96183750
21:04:01;-0.10956970; 0.24755860; 0.96265740
21:04:01;-0.11074330; 0.24563420; 0.96301600
21:04:01;-0.11105940; 0.24501200; 0.96313800
21:04:01;-0.11060090; 0.24095400; 0.96421400
21:04:01;-0.11283240; 0.23995020; 0.96420570
21:04:01;-0.11301370; 0.23978320; 0.96422610
21:04:01;-0.11349550; 0.23731840; 0.96477910
21:04:02;-0.11307620; 0.23682910; 0.96494850
21:04:02;-0.11338520; 0.23484130; 0.96539800
21:04:02;-0.11331110; 0.23531890; 0.96529040
21:04:02;-0.11281440; 0.23372930; 0.96573470
21:04:02;-0.11378610; 0.23323540; 0.96574010
21:04:02;-0.11366720; 0.23265870; 0.96589320
21:04:02;-0.11348850; 0.23266020; 0.96591390
21:04:02;-0.11363190; 0.23225930; 0.96599350
21:04:02;-0.11351910; 0.23175260; 0.96612840
21:04:02;-0.11264080; 0.22967000; 0.96672840
21:04:03;-0.11199620; 0.23077250; 0.96654070
21:04:03;-0.11169430; 0.23182190; 0.96632440
21:04:03;-0.10934100; 0.23657680; 0.96544080
21:04:03;-0.10196010; 0.24146440; 0.96503840
21:04:03;-0.09840254; 0.24452260; 0.96463760
21:04:03;-0.09297809; 0.25073530; 0.96358030
21:04:03;-0.07977817; 0.26960620; 0.95966040
21:04:03;-0.07169900; 0.28196030; 0.95674320
21:04:03;-0.05442384; 0.30098340; 0.95207510
21:04:03;-0.04760515; 0.30345270; 0.95165660
21:04:04;-0.04849915; 0.30553760; 0.95094410
21:04:04;-0.04975888; 0.30947300; 0.94960550
21:04:04;-0.05047518; 0.32459530; 0.94450530
21:04:04;-0.05429137; 0.32815920; 0.94306100
21:04:04;-0.05349960; 0.32724610; 0.94342340
21:04:04;-0.04903206; 0.33334060; 0.94153060
21:04:04;-0.04803447; 0.34143410; 0.93867750
21:04:04;-0.04699717; 0.34121230; 0.93881060
21:04:04;-0.04498516; 0.33992990; 0.93937430
21:04:04;-0.04496563; 0.34041320; 0.93920020
21:04:05;-0.03684470; 0.34006710; 0.93967910
21:04:05;-0.02457267; 0.33985160; 0.94015800
21:04:05;-0.00424068; 0.33236140; 0.94314260
21:04:05;-0.01539039; 0.33284200; 0.94285700
21:04:05;-0.01957485; 0.33028420; 0.94367850
21:04:05;-0.02061346; 0.32582030; 0.94520700
21:04:05;-0.02186649; 0.32604390; 0.94510170
21:04:05;-0.02348604; 0.32469880; 0.94552580
21:04:05;-0.02440234; 0.32328880; 0.94598570
21:04:05;-0.02373764; 0.32337470; 0.94597320
21:04:06;-0.02404235; 0.32323240; 0.94601420
21:04:06;-0.02507542; 0.32617830; 0.94497560
21:04:06;-0.02536704; 0.32796720; 0.94434850
21:04:06;-0.02442223; 0.32728860; 0.94460870
21:04:06;-0.02433372; 0.32974240; 0.94375730
21:04:06;-0.02369931; 0.32944360; 0.94387780
21:04:06;-0.02360286; 0.33119950; 0.94326550
21:04:06;-0.02355219; 0.33021190; 0.94361290
21:04:06;-0.02358138; 0.33028880; 0.94358530
21:04:06;-0.02343505; 0.32588420; 0.94511920
21:04:07;-0.02326819; 0.32296330; 0.94612540
21:04:07;-0.02327967; 0.32185700; 0.94650200
21:04:07;-0.02447536; 0.32013880; 0.94705440
21:04:07;-0.02323860; 0.31763080; 0.94792960
21:04:07;-0.02310646; 0.31666090; 0.94825730
21:04:07;-0.02131536; 0.31482540; 0.94891020
21:04:07;-0.01451903; 0.30607280; 0.95189740
21:04:07;0.01805974; 0.29165090; 0.95635430
21:04:07;0.05585232; 0.29496340; 0.95387480
21:04:07;0.12941420; 0.30635870; 0.94307810
21:04:08;0.17519630; 0.30804920; 0.93510000
21:04:08;0.19105370; 0.31253530; 0.93049450
21:04:08;0.25446530; 0.30682490; 0.91711830
21:04:08;0.29395120; 0.29501590; 0.90915250
21:04:08;0.29797670; 0.29800500; 0.90686430
21:04:08;0.28736840; 0.29484270; 0.91131070
21:04:08;0.28600430; 0.29677190; 0.91111360
21:04:08;0.30532040; 0.30520370; 0.90201460
21:04:08;0.32199320; 0.30971050; 0.89465060
21:04:08;0.33715640; 0.30915910; 0.88923910
21:04:09;0.33383240; 0.30937020; 0.89041900
21:04:09;0.32132170; 0.31359400; 0.89353860
21:04:09;0.31811320; 0.30932220; 0.89617170
21:04:09;0.31738640; 0.30919920; 0.89647180
21:04:09;0.31683180; 0.31159100; 0.89583960
21:04:09;0.31658590; 0.31240930; 0.89564160
21:04:09;0.30769350; 0.31233090; 0.89876250
21:04:09;0.29766610; 0.30918960; 0.90321460
21:04:09;0.28421620; 0.31379030; 0.90595630
21:04:09;0.30074010; 0.31671230; 0.89958250
21:04:10;0.34788540; 0.32478870; 0.87948170
21:04:10;0.37282240; 0.33614880; 0.86487430
21:04:10;0.38111020; 0.35810680; 0.85235830
21:04:10;0.37904090; 0.35536270; 0.85442690
21:04:10;0.36845940; 0.35622120; 0.85868740
21:04:10;0.31412790; 0.35751400; 0.87949270
21:04:10;-0.04568095; 0.38244710; 0.92284740
21:04:10;-0.37730260; 0.40206690; 0.83425710
21:04:10;-0.48307810; 0.40388100; 0.77686280
21:04:10;-0.60644200; 0.38436560; 0.69605400
21:04:11;-0.61842890; 0.37940410; 0.68818470
21:04:11;-0.60071310; 0.37864470; 0.70411070
21:04:11;-0.58978330; 0.37744680; 0.71392550
21:04:11;-0.58062080; 0.37822990; 0.72098660
21:04:11;-0.55283780; 0.37470590; 0.74428880
21:04:11;-0.50602200; 0.37313940; 0.77763020
21:04:11;-0.42534910; 0.36386240; 0.82866290
21:04:11;-0.32779970; 0.35941180; 0.87371080
21:04:11;-0.20542580; 0.37475170; 0.90408040
21:04:11;-0.13935000; 0.38280400; 0.91325930
21:04:12;-0.02084319; 0.38708810; 0.92180710
21:04:12;0.09454312; 0.40586160; 0.90903130
21:04:12;0.21891090; 0.40618010; 0.88718410
21:04:12;0.31530930; 0.43123250; 0.84535120
21:04:12;0.32712940; 0.44001850; 0.83628340
21:04:12;0.31899630; 0.43767700; 0.84064280
21:04:12;0.31776650; 0.43687030; 0.84152760
21:04:12;0.31846700; 0.43888070; 0.84021570
21:04:12;0.30883450; 0.43767290; 0.84443100
21:04:12;0.29526290; 0.43408490; 0.85111110
21:04:13;0.24248950; 0.42825740; 0.87051390
21:04:13;0.20187010; 0.42828380; 0.88080730
21:04:13;0.10804780; 0.42490270; 0.89876770
21:04:13;-0.03986139; 0.41860920; 0.90729120
21:04:13;-0.12794830; 0.41531010; 0.90063690
21:04:13;-0.27762580; 0.42143370; 0.86331770
21:04:13;-0.37801410; 0.40921870; 0.83044890
21:04:13;-0.42721470; 0.39231480; 0.81460210
21:04:13;-0.44466590; 0.39076570; 0.80596180
21:04:13;-0.43938320; 0.38399120; 0.81209180
21:04:14;-0.43752970; 0.38564170; 0.81231040
21:04:14;-0.43342480; 0.38687980; 0.81392070
21:04:14;-0.42016730; 0.38470210; 0.82186600
21:04:14;-0.40456770; 0.38273180; 0.83056690
21:04:14;-0.37325030; 0.37483570; 0.84863560
21:04:14;-0.27720170; 0.36247350; 0.88981580
21:04:14;-0.23363740; 0.36352800; 0.90180980
21:04:14;-0.16284290; 0.36039140; 0.91847710
21:04:14;-0.11816190; 0.34843090; 0.92985680
21:04:14;-0.08564639; 0.34070360; 0.93626160
21:04:15;-0.08270130; 0.33440720; 0.93879300
21:04:15;-0.09818728; 0.33647410; 0.93655990
21:04:15;-0.11575600; 0.33808660; 0.93396900
21:04:15;-0.18229640; 0.34511030; 0.92068830
21:04:15;-0.22629140; 0.35288400; 0.90789050
21:04:15;-0.27834590; 0.36765470; 0.88732950
21:04:15;-0.28919560; 0.37056720; 0.88263570
21:04:15;-0.31920240; 0.37699460; 0.86947390
21:04:15;-0.33323700; 0.37948460; 0.86310170
21:04:15;-0.32761040; 0.38067260; 0.86473100
21:04:16;-0.29289290; 0.37484440; 0.87960530
21:04:16;-0.23459640; 0.36494670; 0.90098750
21:04:16;-0.14652160; 0.34901440; 0.92559190
21:04:16;-0.09873875; 0.34155230; 0.93466180
21:04:16;-0.01991093; 0.33051490; 0.94359070
21:04:16;0.04133691; 0.33840860; 0.94009090
21:04:16;0.06644817; 0.34742920; 0.93534890
21:04:16;0.10585190; 0.33989550; 0.93448730
21:04:16;0.15039660; 0.34482820; 0.92653890
21:04:16;0.17318320; 0.34447550; 0.92268320
21:04:17;0.20247360; 0.34260940; 0.91740020
21:04:17;0.21969920; 0.34120230; 0.91395470
21:04:17;0.23051270; 0.34103570; 0.91134980
21:04:17;0.26044110; 0.33880340; 0.90409220
21:04:17;0.28259930; 0.34028430; 0.89685240
21:04:17;0.40904010; 0.35320210; 0.84138840
21:04:17;0.45671960; 0.35055270; 0.81763080
21:04:17;0.45657570; 0.35808440; 0.81444100
21:04:17;0.44246510; 0.36292510; 0.82006710
21:04:17;0.40851490; 0.36286800; 0.83752160
21:04:18;0.39944710; 0.34270450; 0.85029150
21:04:18;0.39520260; 0.33198550; 0.85650490
21:04:18;0.38613620; 0.33349540; 0.86004630
21:04:18;0.38243060; 0.32714630; 0.86413090
21:04:18;0.38805240; 0.32354020; 0.86298140
21:04:18;0.39457060; 0.32189240; 0.86063890
21:04:18;0.39456880; 0.31710310; 0.86241580
21:04:18;0.36791430; 0.31895910; 0.87344380
21:04:18;0.26588440; 0.33725510; 0.90308610
21:04:18;0.21518850; 0.34206530; 0.91470500
21:04:19;0.13030270; 0.34734940; 0.92863860
21:04:19;0.05820118; 0.34202410; 0.93788710
21:04:19;0.04530273; 0.34112000; 0.93892750
21:04:19;0.01407946; 0.34277700; 0.93931130
21:04:19;0.00701286; 0.34251720; 0.93948540
21:04:19;0.01633408; 0.33261140; 0.94292250
21:04:19;0.01840802; 0.32910770; 0.94411300
21:04:19;0.01175060; 0.33000460; 0.94390620
21:04:19;0.00335845; 0.32804170; 0.94465730
21:04:19;-0.01572140; 0.32561980; 0.94537010
21:04:20;-0.03349867; 0.33209430; 0.94265120
21:04:20;-0.05797069; 0.33351790; 0.94095980
21:04:20;-0.06160791; 0.33488290; 0.94024350
21:04:20;-0.06305572; 0.33488910; 0.94014540
21:04:20;-0.07048655; 0.33429140; 0.93983020
21:04:20;-0.07853335; 0.33608060; 0.93855330
21:04:20;-0.07867599; 0.33912470; 0.93744580
21:04:20;-0.07984382; 0.34231740; 0.93618570
21:04:20;-0.08415350; 0.34269290; 0.93567070
21:04:20;-0.08596186; 0.34363890; 0.93515930
21:04:21;-0.08725569; 0.34108920; 0.93597250
21:04:21;-0.09429611; 0.34156600; 0.93511550
21:04:21;-0.10265520; 0.34147400; 0.93426840
21:04:21;-0.10762370; 0.34322210; 0.93306790
21:04:21;-0.12914900; 0.34602320; 0.92929460
21:04:21;-0.18894240; 0.35294460; 0.91636830
21:04:21;-0.19831790; 0.35189060; 0.91479120
21:04:21;-0.20615280; 0.34696900; 0.91493910
21:04:21;-0.28855450; 0.35405420; 0.88959650
21:04:21;-0.41891790; 0.38721230; 0.82132480
21:04:22;-0.47915520; 0.39187160; 0.78539600
21:04:22;-0.48115040; 0.38404630; 0.78803730
21:04:22;-0.46664970; 0.37577590; 0.80064370
21:04:22;-0.46210350; 0.36839670; 0.80668720
21:04:22;-0.47393130; 0.35629950; 0.80525760
21:04:22;-0.47729290; 0.34729510; 0.80720350
21:04:22;-0.45421380; 0.31865880; 0.83195330
21:04:22;-0.40899480; 0.28697000; 0.86623980
21:04:22;-0.36255090; 0.27684260; 0.88989610
21:04:22;-0.32696140; 0.27995520; 0.90261920
21:04:23;-0.30313890; 0.27741670; 0.91167250
21:04:23;-0.25679600; 0.26551630; 0.92927760
21:04:23;-0.23940200; 0.26457240; 0.93417780
21:04:23;-0.24297290; 0.26271960; 0.93377860
21:04:23;-0.24238580; 0.26009200; 0.93466640
21:04:23;-0.23939480; 0.26007180; 0.93544260
21:04:23;-0.23484950; 0.25927240; 0.93681560
21:04:23;-0.22785550; 0.25612910; 0.93940400
21:04:23;-0.22408150; 0.25459470; 0.94072790
21:04:23;-0.21706890; 0.24806270; 0.94411120
21:04:24;-0.21565200; 0.24393530; 0.94551030
21:04:24;-0.21405030; 0.24040570; 0.94677750
21:04:24;-0.21271890; 0.23918760; 0.94738580
21:04:24;-0.21190050; 0.23582810; 0.94841090
21:04:24;-0.21083630; 0.23213870; 0.94955760
21:04:24;-0.20957170; 0.22987660; 0.95038750
21:04:24;-0.20735460; 0.22796980; 0.95133260
21:04:24;-0.20759050; 0.22696560; 0.95152130
21:04:24;-0.20817660; 0.22637070; 0.95153500
21:04:24;-0.20764230; 0.22650410; 0.95162000
21:04:25;-0.20634800; 0.22497290; 0.95226450
21:04:25;-0.20476150; 0.22353630; 0.95294510
21:04:25;-0.20422940; 0.22295400; 0.95319560
21:04:25;-0.20431200; 0.22270380; 0.95323640
21:04:25;-0.20370660; 0.22149550; 0.95364740
21:04:25;-0.20356420; 0.22154070; 0.95366730
21:04:25;-0.20331520; 0.22134060; 0.95376690
21:04:25;-0.20244850; 0.21975520; 0.95431770
21:04:25;-0.19964950; 0.21826430; 0.95524910
21:04:25;-0.19944980; 0.21568170; 0.95587720
21:04:26;-0.20008080; 0.21887960; 0.95501800
21:04:26;-0.20028800; 0.21966100; 0.95479510
21:04:26;-0.19776520; 0.22080960; 0.95505600
21:04:26;-0.19418690; 0.22238500; 0.95542470
21:04:26;-0.19198040; 0.22553630; 0.95513190
21:04:26;-0.19163300; 0.22911190; 0.95435030
21:04:26;-0.19100170; 0.23052970; 0.95413540
21:04:26;-0.18956090; 0.23122070; 0.95425560
21:04:26;-0.18934070; 0.23344150; 0.95375850
21:04:26;-0.18846730; 0.23382680; 0.95383700
21:04:27;-0.18778630; 0.23421970; 0.95387490
21:04:27;-0.19208000; 0.23610060; 0.95255540
21:04:27;-0.19885600; 0.24227940; 0.94960890
21:04:27;-0.23596740; 0.26561620; 0.93475530
21:04:27;-0.29666230; 0.29807350; 0.90727260
21:04:27;-0.37167710; 0.33063720; 0.86748790
21:04:27;-0.42596290; 0.36232770; 0.82902000
21:04:27;-0.46698350; 0.36860000; 0.80377890
21:04:27;-0.49245360; 0.37058770; 0.78749870
21:04:27;-0.50612280; 0.37155430; 0.77832330
21:04:28;-0.51572270; 0.36787390; 0.77375640
21:04:28;-0.51553570; 0.36390620; 0.77575470
21:04:28;-0.50884090; 0.35961210; 0.78215100
21:04:28;-0.49677450; 0.35397060; 0.79241390
21:04:28;-0.46616870; 0.34433670; 0.81493500
21:04:28;-0.43612110; 0.32709310; 0.83833670
21:04:28;-0.39122920; 0.29851190; 0.87053450
21:04:28;-0.34047960; 0.28796160; 0.89507080
21:04:28;-0.31275570; 0.28372450; 0.90646800
21:04:28;-0.29152390; 0.27920020; 0.91491040
21:04:29;-0.26567370; 0.27388130; 0.92434110
21:04:29;-0.24414980; 0.26874930; 0.93175350
21:04:29;-0.23346410; 0.26401620; 0.93583650
21:04:29;-0.20939220; 0.25027280; 0.94526110
21:04:29;-0.19227800; 0.25355990; 0.94801720
21:04:29;-0.18999500; 0.25178230; 0.94895080
21:04:29;-0.18638040; 0.25132300; 0.94978900
21:04:29;-0.18224550; 0.25242460; 0.95029910
21:04:29;-0.18183510; 0.25116680; 0.95071090
21:04:29;-0.18235670; 0.25030540; 0.95083810
21:04:30;-0.18296960; 0.24714930; 0.95154580
21:04:30;-0.18216830; 0.24376530; 0.95257190
21:04:30;-0.18298180; 0.24184680; 0.95290490
21:04:30;-0.18446720; 0.24107290; 0.95281460
21:04:30;-0.18700120; 0.23970830; 0.95266500
21:04:30;-0.18959260; 0.23960580; 0.95217840
21:04:30;-0.19041000; 0.23903050; 0.95215990
21:04:30;-0.19113820; 0.23678250; 0.95257560
21:04:30;-0.19146170; 0.23651150; 0.95257790
21:04:30;-0.19220690; 0.23562380; 0.95264780
21:04:31;-0.19432000; 0.23502850; 0.95236620
21:04:31;-0.19598470; 0.23469800; 0.95210650
21:04:31;-0.19646700; 0.23517100; 0.95189030
21:04:31;-0.19825390; 0.23530390; 0.95148690
21:04:31;-0.20290310; 0.23520690; 0.95053040
21:04:31;-0.21203670; 0.23540340; 0.94848600
21:04:31;-0.21406410; 0.23440450; 0.94827800
21:04:31;-0.21519050; 0.23070430; 0.94893020
21:04:31;-0.21567870; 0.23107410; 0.94872940
21:04:31;-0.21614000; 0.22786110; 0.94940130
21:04:32;-0.21564530; 0.23046870; 0.94888420
21:04:32;-0.21384290; 0.23093090; 0.94917970
21:04:32;-0.20930740; 0.23209500; 0.94990650
21:04:32;-0.20835770; 0.23343090; 0.94978790
21:04:32;-0.20566390; 0.23443860; 0.95012680
21:04:32;-0.20546360; 0.23576310; 0.94984230
21:04:32;-0.20435050; 0.23913740; 0.94923870
21:04:32;-0.20413110; 0.23885310; 0.94935750
21:04:32;-0.20222110; 0.23982690; 0.94952080
21:04:32;-0.20060140; 0.24044960; 0.94970690
21:04:33;-0.19956650; 0.24000570; 0.95003710
21:04:33;-0.19957020; 0.23686070; 0.95082530
21:04:33;-0.19910640; 0.23518690; 0.95133790
21:04:33;-0.20001920; 0.23121010; 0.95212090
21:04:33;-0.19992060; 0.22992620; 0.95245240
21:04:33;-0.20155580; 0.22888340; 0.95235900
21:04:33;-0.20029960; 0.22661190; 0.95316680
21:04:33;-0.20048060; 0.22566640; 0.95335310
21:04:33;-0.20083150; 0.22483240; 0.95347640
21:04:33;-0.20018020; 0.22466830; 0.95365200
21:04:34;-0.20141760; 0.22234220; 0.95393650
21:04:34;-0.20154820; 0.22291890; 0.95377430
21:04:34;-0.20200650; 0.22227790; 0.95382700
21:04:34;-0.20256370; 0.22139310; 0.95391460
21:04:34;-0.20221620; 0.22111190; 0.95405350
21:04:34;-0.20204980; 0.22123150; 0.95406100
21:04:34;-0.20144960; 0.21934730; 0.95462290
21:04:34;-0.20243370; 0.21882410; 0.95453480
21:04:34;-0.20285460; 0.21931050; 0.95433370
21:04:34;-0.20232880; 0.21889380; 0.95454100
21:04:35;-0.20114820; 0.21703180; 0.95521550
21:04:35;-0.19717490; 0.20957190; 0.95770650
21:04:35;-0.19263830; 0.20337440; 0.95996320
21:04:35;-0.18091500; 0.19612910; 0.96374430
21:04:35;-0.16318640; 0.20022370; 0.96606450
21:04:35;-0.15708820; 0.20578130; 0.96590750
21:04:35;-0.14033980; 0.21956590; 0.96545090
21:04:35;-0.10974890; 0.22177210; 0.96890260
21:04:35;-0.06077269; 0.20795810; 0.97624800
21:04:35;-0.00026120; 0.19633900; 0.98053600
21:04:36;0.15772320; 0.15627400; 0.97503940
21:04:36;0.27326860; 0.07810168; 0.95876190
21:04:36;0.30887920; 0.04531454; 0.95002110
21:04:36;0.33706300; 0.03403975; 0.94086650
21:04:36;0.33855730; 0.03458988; 0.94030980
21:04:36;0.35029480; 0.04768896; 0.93542470
21:04:36;0.35947070; 0.05146597; 0.93173610
21:04:36;0.37206660; 0.05783939; 0.92640220
21:04:36;0.37475610; 0.06609977; 0.92476410
21:04:36;0.38914210; 0.12794780; 0.91224870
21:04:37;0.40470770; 0.20723380; 0.89065470
21:04:37;0.43382750; 0.27893210; 0.85673250
21:04:37;0.44873930; 0.33518770; 0.82842160
21:04:37;0.44315240; 0.34984900; 0.82536150
21:04:37;0.39197490; 0.32838780; 0.85937020
21:04:37;0.35011210; 0.30043630; 0.88722010
21:04:37;0.28523820; 0.23328680; 0.92963240
21:04:37;0.25148700; 0.17954710; 0.95106110
21:04:37;0.20958560; 0.12873740; 0.96927840
21:04:37;0.18713810; 0.14751990; 0.97119370
21:04:38;0.16205370; 0.21178020; 0.96378820
21:04:38;0.14616990; 0.21004710; 0.96670290
21:04:38;0.12832730; 0.18855510; 0.97364220
21:04:38;0.10923710; 0.20262000; 0.97314560
21:04:38;0.08067548; 0.20656040; 0.97510220
21:04:38;0.07316300; 0.20804360; 0.97537940
21:04:38;0.05946343; 0.20146090; 0.97768990
21:04:38;0.04677849; 0.20517530; 0.97760670
21:04:38;0.03932242; 0.21611110; 0.97557660
21:04:38;0.04164098; 0.20403710; 0.97807710
21:04:39;0.04786845; 0.21425600; 0.97560390
21:04:39;0.03331296; 0.20106980; 0.97901030
21:04:39;0.02129854; 0.18927110; 0.98169390
21:04:39;0.00691270; 0.18972420; 0.98181310
21:04:39;0.00122938; 0.20228630; 0.97932570
21:04:39;-0.00721236; 0.21969960; 0.97554090
21:04:39;-0.02643069; 0.19608610; 0.98023040
21:04:39;-0.06039108; 0.21010110; 0.97581270
21:04:39;-0.14560130; 0.22868520; 0.96255050
21:04:39;-0.17092820; 0.22215990; 0.95991070
21:04:40;-0.17484530; 0.21461620; 0.96092090
21:04:40;-0.18730300; 0.23053190; 0.95486790
21:04:40;-0.17541260; 0.22478200; 0.95849020
21:04:40;-0.16789650; 0.25577500; 0.95204510
21:04:40;-0.16732570; 0.27058570; 0.94804300
21:04:40;-0.16595580; 0.27060030; 0.94827960
21:04:40;-0.18999260; 0.29193790; 0.93737670
21:04:40;-0.20320100; 0.29503250; 0.93363010
21:04:40;-0.23037830; 0.29369800; 0.92772160
21:04:40;-0.26916950; 0.30052380; 0.91500450
21:04:41;-0.30110090; 0.32807970; 0.89537810
21:04:41;-0.30972230; 0.31449950; 0.89730830
21:04:41;-0.31932680; 0.33640800; 0.88592330
21:04:41;-0.36481870; 0.41542300; 0.83326520
21:04:41;-0.42225070; 0.40121330; 0.81285430
21:04:41;-0.50309710; 0.43882300; 0.74453190
21:04:41;-0.52918050; 0.46849690; 0.70744510
21:04:41;-0.51652820; 0.50676920; 0.69020550
21:04:41;-0.50411690; 0.51430660; 0.69379750
21:04:41;-0.47569430; 0.51528220; 0.71288100
21:04:42;-0.42189280; 0.51887310; 0.74348990
21:04:42;-0.33416380; 0.56817690; 0.75200370
21:04:42;-0.28294900; 0.51756320; 0.80750730
21:04:42;-0.21007350; 0.50736620; 0.83573230
21:04:42;-0.16833730; 0.50038740; 0.84927910
21:04:42;-0.08355884; 0.41502600; 0.90596430
21:04:42;-0.03386901; 0.36382260; 0.93085230
21:04:42;-0.01604799; 0.28578200; 0.95816030
21:04:42;-0.03866465; 0.27663220; 0.96019770
21:04:42;-0.04461821; 0.24554390; 0.96835810
21:04:43;-0.05569985; 0.22083790; 0.97371870
21:04:43;-0.06755746; 0.24254490; 0.96778510
21:04:43;-0.06471532; 0.26237040; 0.96279470
21:04:43;-0.05185820; 0.30200030; 0.95189630
21:04:43;-0.05779086; 0.30877300; 0.94937850
21:04:43;-0.06473460; 0.30346840; 0.95064000
21:04:43;-0.06746279; 0.30365450; 0.95039080
21:04:43;-0.06519954; 0.29774940; 0.95241500
21:04:43;-0.06602811; 0.28782650; 0.95540370
21:04:43;-0.06672579; 0.28719480; 0.95554530
21:04:44;-0.06573828; 0.29296200; 0.95386150
21:04:44;-0.06551513; 0.29607660; 0.95291470
21:04:44;-0.06976050; 0.29946570; 0.95155330
21:04:44;-0.07018133; 0.29780380; 0.95204380
21:04:44;-0.06936754; 0.29617660; 0.95261090
21:04:44;-0.07023709; 0.29291000; 0.95355680
21:04:44;-0.06995961; 0.29322340; 0.95348080
21:04:44;-0.06833204; 0.29165840; 0.95407870
21:04:44;-0.06973492; 0.29115980; 0.95412950
21:04:44;-0.07358806; 0.29409450; 0.95293920
21:04:45;-0.07474327; 0.29373790; 0.95295930
21:04:45;-0.07388458; 0.29220280; 0.95349810
21:04:45;-0.07534235; 0.29352720; 0.95297710
21:04:45;-0.07785564; 0.29166640; 0.95334630
21:04:45;-0.07897139; 0.28964130; 0.95387180
21:04:45;-0.08035233; 0.29061890; 0.95345900
21:04:45;-0.07889575; 0.28648800; 0.95482990
21:04:45;-0.07770010; 0.28380650; 0.95572830
21:04:45;-0.07791753; 0.28339450; 0.95583280
21:04:45;-0.07644739; 0.28070560; 0.95674460
21:04:46;-0.07364260; 0.27819740; 0.95769670
21:04:46;-0.07313315; 0.27926500; 0.95742500
21:04:46;-0.07383452; 0.28027220; 0.95707680
21:04:46;-0.07365368; 0.27934580; 0.95736150
21:04:46;-0.07443418; 0.28026290; 0.95703300
21:04:46;-0.07500850; 0.27898570; 0.95736130
21:04:46;-0.07609843; 0.27913560; 0.95723160
21:04:46;-0.07871641; 0.27838160; 0.95723940
21:04:46;-0.07987861; 0.27632190; 0.95773980
21:04:46;-0.08204560; 0.27457900; 0.95805790
21:04:47;-0.08493601; 0.27776570; 0.95688660
21:04:47;-0.08484643; 0.27749390; 0.95697340
21:04:47;-0.08798635; 0.27721410; 0.95677100
21:04:47;-0.08942346; 0.27685090; 0.95674290
21:04:47;-0.09032130; 0.27647160; 0.95676830
21:04:47;-0.09326293; 0.27505500; 0.95689430
21:04:47;-0.09528670; 0.27564920; 0.95652390
21:04:47;-0.09627791; 0.27525580; 0.95653790
21:04:47;-0.09604620; 0.27484740; 0.95667860
21:04:47;-0.09959444; 0.27768420; 0.95549590
21:04:48;-0.10278330; 0.28005760; 0.95446500
21:04:48;-0.10164600; 0.27806230; 0.95516990
21:04:48;-0.10016230; 0.27784030; 0.95539120
21:04:48;-0.09955100; 0.27629050; 0.95590440
21:04:48;-0.09837344; 0.27070890; 0.95762180
21:04:48;-0.09989838; 0.27097270; 0.95738920
21:04:48;-0.10143210; 0.27087310; 0.95725610
21:04:48;-0.10081450; 0.27014270; 0.95752780
21:04:48;-0.10061790; 0.26916250; 0.95782440
21:04:48;-0.10206760; 0.26985360; 0.95747650
21:04:49;-0.10230240; 0.26922420; 0.95762860
21:04:49;-0.10188320; 0.26847710; 0.95788300
21:04:49;-0.10375760; 0.27021620; 0.95719250
21:04:49;-0.10352040; 0.26995280; 0.95729260
21:04:49;-0.10387310; 0.27029150; 0.95715870
21:04:49;-0.10427900; 0.27077650; 0.95697750
21:04:49;-0.10411840; 0.27004050; 0.95720300
21:04:49;-0.10476380; 0.27030000; 0.95705930
21:04:49;-0.10547810; 0.27339700; 0.95610060
21:04:49;-0.10480410; 0.27692790; 0.95515810
21:04:50;-0.10663670; 0.27684330; 0.95497980
21:04:50;-0.10708260; 0.27660140; 0.95500000
21:04:50;-0.10695760; 0.27728440; 0.95481590
21:04:50;-0.10826930; 0.27826440; 0.95438290
21:04:50;-0.10751770; 0.28176380; 0.95344070
21:04:50;-0.10811860; 0.28454380; 0.95254670
21:04:50;-0.11276040; 0.28801550; 0.95096380
21:04:50;-0.11630220; 0.29010780; 0.94990060
21:04:50;-0.11696040; 0.29056870; 0.94967900
21:04:50;-0.11765420; 0.29363970; 0.94864810
21:04:51;-0.11854660; 0.29932520; 0.94675820
21:04:51;-0.12019480; 0.30109280; 0.94598960
21:04:51;-0.12788860; 0.31107630; 0.94174100
21:04:51;-0.15225450; 0.31956240; 0.93525310
21:04:51;-0.21393520; 0.35130320; 0.91149200
21:04:51;-0.24977180; 0.37205070; 0.89397560
21:04:51;-0.31129130; 0.41114240; 0.85677280
21:04:51;-0.37899900; 0.44794520; 0.80975600
21:04:51;-0.43402590; 0.46616520; 0.77091600
21:04:51;-0.47369190; 0.47276390; 0.74304120
21:04:52;-0.49760530; 0.47295230; 0.72712110
21:04:52;-0.51028000; 0.47170360; 0.71910360
21:04:52;-0.51195720; 0.46878420; 0.71982030
21:04:52;-0.50143780; 0.46482750; 0.72972280
21:04:52;-0.48743030; 0.45992410; 0.74221400
21:04:52;-0.47045640; 0.45167840; 0.75806150
21:04:52;-0.43982660; 0.43402950; 0.78623840
21:04:52;-0.39011800; 0.43375460; 0.81219760
21:04:52;-0.34479900; 0.42930650; 0.83475110
21:04:52;-0.22362200; 0.39960180; 0.88899470
21:04:53;-0.01275852; 0.38083240; 0.92455610
21:04:53;0.08874774; 0.38514440; 0.91857910
21:04:53;0.25686870; 0.36422320; 0.89518710
21:04:53;0.34866940; 0.35777720; 0.86627080
21:04:53;0.37626790; 0.35689090; 0.85501550
21:04:53;0.36782420; 0.34739300; 0.86256790
21:04:53;0.35476210; 0.34478580; 0.86906080
21:04:53;0.33095460; 0.33958260; 0.88042750
21:04:53;0.29733260; 0.34750730; 0.88928740
21:04:53;0.29672020; 0.34641240; 0.88991890
21:04:54;0.30668630; 0.34706130; 0.88627980
21:04:54;0.32429350; 0.34987570; 0.87887470
21:04:54;0.33552920; 0.34304130; 0.87734990
21:04:54;0.33981730; 0.33474730; 0.87890180
21:04:54;0.33903420; 0.33111020; 0.88058040
21:04:54;0.34201560; 0.32551300; 0.88151380
21:04:54;0.34174720; 0.32366990; 0.88229620
21:04:54;0.33951180; 0.32333930; 0.88327990
21:04:54;0.33880410; 0.32169620; 0.88415120
21:04:54;0.33496990; 0.32317340; 0.88507290
21:04:55;0.33034670; 0.32294750; 0.88689120
21:04:55;0.33146070; 0.31762790; 0.88839540
21:04:55;0.32601340; 0.31438420; 0.89155920
21:04:55;0.32312210; 0.31730450; 0.89157720
21:04:55;0.32554080; 0.31318420; 0.89215400
21:04:55;0.32318840; 0.31475950; 0.89245490
21:04:55;0.32300090; 0.31471760; 0.89253750
21:04:55;0.32278520; 0.31414950; 0.89281570
21:04:55;0.32120060; 0.31528380; 0.89298730
21:04:55;0.31793500; 0.31539770; 0.89411500
21:04:56;0.31612120; 0.31780920; 0.89390420
21:04:56;0.31530070; 0.31990050; 0.89344790
21:04:56;0.31591280; 0.31932430; 0.89343780
21:04:56;0.31589640; 0.32001720; 0.89319560
21:04:56;0.31654410; 0.32072920; 0.89271080
21:04:56;0.31531400; 0.32170830; 0.89279380
21:04:56;0.31371520; 0.32190030; 0.89328770
21:04:56;0.31326740; 0.32199900; 0.89340930
21:04:56;0.31323400; 0.32285800; 0.89311090
21:04:56;0.31324420; 0.32195590; 0.89343300
21:04:57;0.31117240; 0.32306810; 0.89375540
21:04:57;0.30977990; 0.32275370; 0.89435260
21:04:57;0.30621460; 0.32206030; 0.89582910
21:04:57;0.30550770; 0.32118240; 0.89638550
21:04:57;0.30241870; 0.32258340; 0.89692970
21:04:57;0.30189640; 0.32348300; 0.89678160
21:04:57;0.29994350; 0.32284780; 0.89766540
21:04:57;0.29887640; 0.32295950; 0.89798100
21:04:57;0.29922250; 0.32293320; 0.89787520
21:04:57;0.29728270; 0.32219130; 0.89878570
21:04:58;0.29495150; 0.32156840; 0.89977630
21:04:58;0.26533960; 0.33385700; 0.90450780
21:04:58;0.23205530; 0.35271520; 0.90650000
21:04:58;0.18271430; 0.35453970; 0.91701530
21:04:58;0.15972480; 0.35730470; 0.92022900
21:04:58;0.15455970; 0.35649910; 0.92142270
21:04:58;0.15102470; 0.35248280; 0.92355150
21:04:58;0.14831640; 0.35010380; 0.92489440
21:04:58;0.14171230; 0.35190890; 0.92524470
21:04:58;0.13031420; 0.35404250; 0.92610590
21:04:59;0.12562500; 0.35364710; 0.92690460
21:04:59;0.11379360; 0.36438490; 0.92426980
21:04:59;0.11179520; 0.36055750; 0.92601310
21:04:59;0.11038730; 0.36323210; 0.92513630
21:04:59;0.10584670; 0.36322520; 0.92566940
21:04:59;0.09740227; 0.38110860; 0.91938510
21:04:59;0.09215478; 0.39210120; 0.91529450
21:04:59;0.09086414; 0.38887050; 0.91680060
21:04:59;0.09680369; 0.37781880; 0.92080510
21:04:59;0.09663977; 0.37560080; 0.92172920
21:05:00;0.09285676; 0.37606230; 0.92192990
21:05:00;0.09424160; 0.37237880; 0.92328360
21:05:00;0.09565787; 0.37183280; 0.92335800
21:05:00;0.09629330; 0.36920070; 0.92434750
21:05:00;0.09698883; 0.36704670; 0.92513230
21:05:00;0.09671295; 0.36579600; 0.92565640
21:05:00;0.10865290; 0.34883210; 0.93086560
21:05:00;0.14459830; 0.32606320; 0.93422380
21:05:00;0.14808060; 0.32765860; 0.93311950
21:05:00;0.14918600; 0.32459870; 0.93401240
21:05:01;0.15236300; 0.32009360; 0.93505380
21:05:01;0.15404250; 0.31709690; 0.93579940
21:05:01;0.15353770; 0.31870440; 0.93533610
21:05:01;0.15356140; 0.31972530; 0.93498370
21:05:01;0.15277490; 0.31720460; 0.93597070
21:05:01;0.15011430; 0.31753030; 0.93629070
21:05:01;0.15045270; 0.31533320; 0.93697860
21:05:01;0.15323500; 0.31315180; 0.93725930
21:05:01;0.15136340; 0.31575550; 0.93668970
21:05:01;0.15169780; 0.31490800; 0.93692090
21:05:02;0.14826530; 0.31673860; 0.93685330
21:05:02;0.14699990; 0.31766040; 0.93674060
21:05:02;0.14666270; 0.31830790; 0.93657360
21:05:02;0.14419640; 0.31881580; 0.93678380
21:05:02;0.14344830; 0.31767110; 0.93728740
21:05:02;0.14144640; 0.31789900; 0.93751430
21:05:02;0.14229840; 0.31648950; 0.93786220
21:05:02;0.14176830; 0.31514520; 0.93839510
21:05:02;0.14056430; 0.31460290; 0.93875810
21:05:02;0.13881850; 0.31429090; 0.93912230
21:05:03;0.13812650; 0.31314060; 0.93960850
21:05:03;0.13935050; 0.31011770; 0.94042990
21:05:03;0.13921480; 0.30774530; 0.94122900
21:05:03;0.14085750; 0.30294870; 0.94253980
21:05:03;0.13846870; 0.30160330; 0.94332490
21:05:03;0.13656370; 0.29836050; 0.94463290
21:05:03;0.10767390; 0.28558530; 0.95228530
21:05:03;0.01206395; 0.27561260; 0.96119310
21:05:03;-0.04543702; 0.27533020; 0.96027540
21:05:03;-0.13065740; 0.28305940; 0.95016100
21:05:04;-0.20339700; 0.28927740; 0.93538670
21:05:04;-0.30176090; 0.28389910; 0.91013270
21:05:04;-0.35327570; 0.27775390; 0.89333590
21:05:04;-0.45040180; 0.28348880; 0.84662410
21:05:04;-0.50516190; 0.29437190; 0.81126860
21:05:04;-0.50979190; 0.30448400; 0.80461280
21:05:04;-0.50080240; 0.30222340; 0.81108450
21:05:04;-0.49849140; 0.30501500; 0.81146300
21:05:04;-0.50106760; 0.30090000; 0.81141260
21:05:04;-0.50314990; 0.29854820; 0.81099270
21:05:05;-0.48801780; 0.28642970; 0.82449780
21:05:05;-0.45777430; 0.27088500; 0.84679630
21:05:05;-0.38620510; 0.25684960; 0.88593110
21:05:05;-0.34298460; 0.25805560; 0.90319920
21:05:05;-0.26370330; 0.25932430; 0.92909180
21:05:05;-0.19320340; 0.26768940; 0.94393580
21:05:05;-0.13885820; 0.24559070; 0.95937670
21:05:05;-0.08207646; 0.30359100; 0.94926070
21:05:05;-0.07035349; 0.34246730; 0.93689190
21:05:05;-0.03963364; 0.38417710; 0.92240830
21:05:06;-0.00565047; 0.48884070; 0.87235470
21:05:06;0.01954399; 0.50786270; 0.86121630
21:05:06;0.08630111; 0.53355290; 0.84135220
21:05:06;0.17476510; 0.52373920; 0.83375920
21:05:06;0.21745870; 0.50257930; 0.83673520
21:05:06;0.24939690; 0.44819480; 0.85844190
21:05:06;0.28221220; 0.38077200; 0.88055040
21:05:06;0.29200870; 0.38148830; 0.87703910
21:05:06;0.25829090; 0.34623910; 0.90188930
21:05:06;0.22139490; 0.30009230; 0.92786260
21:05:07;0.20080540; 0.27288960; 0.94085510
21:05:07;0.19122350; 0.22165090; 0.95619270
21:05:07;0.20553020; 0.24025360; 0.94870200
21:05:07;0.19479590; 0.28643810; 0.93808730
21:05:07;0.12968270; 0.26619080; 0.95515700
21:05:07;0.11040770; 0.28260590; 0.95286100
21:05:07;0.07453022; 0.36419480; 0.92833580
21:05:07;0.04037054; 0.38028270; 0.92398880
21:05:07;-0.00708842; 0.36908820; 0.92936740
21:05:07;0.00291338; 0.36450890; 0.93119530
21:05:08;0.00065201; 0.35142710; 0.93621500
21:05:08;-0.00476961; 0.36740460; 0.93004900
21:05:08;-0.01606166; 0.37095350; 0.92851250
21:05:08;0.00199689; 0.39072640; 0.92050470
21:05:08;0.04148056; 0.38248220; 0.92303130
21:05:08;0.02315886; 0.36579190; 0.93040850
21:05:08;0.01099355; 0.37036330; 0.92882190
21:05:08;-0.01806366; 0.36541030; 0.93067130
21:05:08;-0.02181430; 0.36611400; 0.93031430
21:05:08;-0.01014315; 0.33687440; 0.94149490
21:05:09;0.01330507; 0.28287470; 0.95906450
21:05:09;-0.00144544; 0.25440350; 0.96709710
21:05:09;-0.01059480; 0.25988570; 0.96558120
21:05:09;-0.01236303; 0.25892040; 0.96581950
21:05:09;-0.00994962; 0.22233790; 0.97491890
21:05:09;-0.00895724; 0.21567050; 0.97642510
21:05:09;-0.00363865; 0.21481520; 0.97664790
21:05:09;0.00884710; 0.20462500; 0.97880050
21:05:09;0.01290484; 0.20553860; 0.97856390
21:05:09;0.01194673; 0.20319450; 0.97906550
21:05:10;0.00914829; 0.19274830; 0.98120560
21:05:10;0.01982251; 0.20807660; 0.97791170
21:05:10;0.02030176; 0.21174030; 0.97711510
21:05:10;0.02244563; 0.20252850; 0.97901910
21:05:10;0.02133502; 0.19661040; 0.98024950
21:05:10;0.01768121; 0.19689430; 0.98026530
21:05:10;0.01543135; 0.19922960; 0.97983130
21:05:10;0.01788501; 0.19848160; 0.97994140
21:05:10;0.01749330; 0.19607500; 0.98043290
21:05:10;0.01445196; 0.19763320; 0.98016950
21:05:11;0.01374131; 0.19555570; 0.98059630
21:05:11;0.01341057; 0.19615650; 0.98048090
21:05:11;0.03200497; 0.23739890; 0.97088490
21:05:11;0.04932655; 0.26280360; 0.96358760
21:05:11;0.07331454; 0.29106860; 0.95388890
21:05:11;0.09103262; 0.28607050; 0.95387460
21:05:11;0.10401030; 0.29913880; 0.94852410
21:05:11;0.10990280; 0.32249220; 0.94017030
21:05:11;0.12441560; 0.38091410; 0.91620150
21:05:11;0.18834490; 0.42776520; 0.88404930
21:05:12;0.28226970; 0.48847700; 0.82565980
21:05:12;0.30389740; 0.49988730; 0.81102350
21:05:12;0.29952810; 0.50462080; 0.80971650
21:05:12;0.31498630; 0.45404430; 0.83344310
21:05:12;0.33174060; 0.43475260; 0.83722060
21:05:12;0.35519630; 0.31909580; 0.87864300
21:05:12;0.36964860; 0.21370310; 0.90426270
21:05:12;0.37337880; 0.12069050; 0.91979460
21:05:12;0.39507400; 0.16082050; 0.90446300
21:05:12;0.37519650; 0.14057140; 0.91622450
21:05:13;0.33672760; 0.14249090; 0.93075820
21:05:13;0.27259810; 0.14975240; 0.95040230
21:05:13;0.26759730; 0.14590700; 0.95241950
21:05:13;0.25340520; 0.10798720; 0.96131400
21:05:13;0.24559170; 0.08659106; 0.96549810
21:05:13;0.22828720; 0.07847507; 0.97042600
21:05:13;0.20748610; 0.08460245; 0.97457270
21:05:13;0.19031170; 0.13070710; 0.97298360
21:05:13;0.13813400; 0.20974520; 0.96794930
21:05:13;0.13040560; 0.16625350; 0.97742220
21:05:14;0.12452780; 0.21531240; 0.96857290
21:05:14;0.13048410; 0.20989430; 0.96897790
21:05:14;0.12955210; 0.21370660; 0.96826950
21:05:14;0.12095210; 0.21196510; 0.96976360
21:05:14;0.13044700; 0.20123790; 0.97081760
21:05:14;0.13754110; 0.20205390; 0.96966830
21:05:14;0.12669520; 0.21982000; 0.96727840
21:05:14;0.12398380; 0.20664190; 0.97052930
21:05:14;0.12262640; 0.20225790; 0.97162470
21:05:14;0.10635650; 0.19188530; 0.97563740
21:05:15;0.11254470; 0.18392850; 0.97647530
21:05:15;0.11493890; 0.20548140; 0.97188810
21:05:15;0.13899780; 0.18073770; 0.97365990
21:05:15;0.12535750; 0.22516300; 0.96622310
21:05:15;0.11821130; 0.25339140; 0.96011400
21:05:15;0.13724830; 0.29610870; 0.94524200
21:05:15;0.11769810; 0.33498360; 0.93484390
21:05:15;0.10370160; 0.35090940; 0.93064950
21:05:15;0.07047467; 0.40492880; 0.91162820
21:05:15;0.06510469; 0.42116130; 0.90464600
21:05:16;0.06658106; 0.41609270; 0.90688140
21:05:16;0.06484197; 0.43798830; 0.89663910
21:05:16;0.09083971; 0.39593200; 0.91377570
21:05:16;0.09118348; 0.39246770; 0.91523480
21:05:16;0.09823650; 0.38622260; 0.91715960
21:05:16;0.10970850; 0.36158570; 0.92586170
21:05:16;0.11681110; 0.30676210; 0.94459100
21:05:16;0.14023840; 0.13764350; 0.98050370
21:05:16;0.12397450; 0.12017510; 0.98498140
21:05:16;0.03500475; 0.10246260; 0.99412080
21:05:17;0.03507353; 0.02633981; 0.99903760
21:05:17;-0.05346332; -0.00366332; 0.99856310
21:05:17;-0.11185900; -0.02841144; 0.99331780
21:05:17;-0.15338840; -0.01943361; 0.98797490
21:05:17;-0.15464520; -0.08922621; 0.98393270
21:05:17;-0.17854640; -0.05719724; 0.98226760
21:05:17;-0.19962540; -0.05533840; 0.97830840
21:05:17;-0.21614780; -0.06159519; 0.97441580
21:05:17;-0.22507650; -0.08368822; 0.97074040
21:05:17;-0.24522370; -0.11863970; 0.96217980
21:05:18;-0.25634650; -0.17370560; 0.95084850
21:05:18;-0.26805420; -0.17196080; 0.94793270
21:05:18;-0.26026710; -0.17662690; 0.94924390
21:05:18;-0.25608590; -0.16875980; 0.95180890
21:05:18;-0.27858270; -0.18495120; 0.94243560
21:05:18;-0.30862230; -0.16942250; 0.93597450
21:05:18;-0.41877970; -0.15303800; 0.89509940
21:05:18;-0.45286170; -0.25480090; 0.85439620
21:05:18;-0.33752310; -0.47150560; 0.81471500
21:05:18;-0.28612070; -0.58058860; 0.76226750
21:05:19;-0.07405183; -0.80977470; 0.58204920
21:05:19;0.24786050; -0.84515940; 0.47357240
21:05:19;0.37735520; -0.69519250; 0.61180900
21:05:19;0.64669120; -0.72070100; 0.24976120
21:05:19;0.51652770; -0.78110840; 0.35081170
21:05:19;0.15653220; -0.94735470; 0.27931460
21:05:19;-0.06837016; -0.98466980; 0.16047110
21:05:19;-0.26064270; -0.96212060; 0.07993364
21:05:19;-0.38091180; -0.90405040; 0.19390500
21:05:19;-0.37877440; -0.89592200; 0.23206350
21:05:20;-0.24805960; -0.94848300; 0.19709490
21:05:20;-0.18683870; -0.97460370; 0.12344600
21:05:20;-0.16700550; -0.96927260; 0.18060940
21:05:20;-0.20882090; -0.91588930; 0.34284200
21:05:20;-0.25011690; -0.77096210; 0.58571260
21:05:20;-0.26011650; -0.65307210; 0.71122170
21:05:20;-0.26781020; -0.50580660; 0.82002280
21:05:20;-0.27148690; -0.41143710; 0.87006570
21:05:20;-0.28794690; -0.23074940; 0.92943060
21:05:20;-0.28916580; -0.13790710; 0.94729340
21:05:21;-0.34779910; -0.32616320; 0.87900700
21:05:21;-0.35107230; -0.36419080; 0.86262010
21:05:21;-0.34314290; -0.41881070; 0.84074400
21:05:21;-0.28649320; -0.43860800; 0.85178910
21:05:21;-0.30319030; -0.48454660; 0.82054260
21:05:21;-0.31564980; -0.48087220; 0.81800190
21:05:21;-0.30591880; -0.49933980; 0.81060070
21:05:21;-0.32280010; -0.49310900; 0.80786370
21:05:21;-0.31380650; -0.43924070; 0.84177970
21:05:21;-0.34044290; -0.42066980; 0.84091350
21:05:22;-0.39486740; -0.38836570; 0.83261750
21:05:22;-0.39730700; -0.40831570; 0.82184270
21:05:22;-0.40757140; -0.42174700; 0.80994760
21:05:22;-0.42897710; -0.38718380; 0.81612940
21:05:22;-0.41086560; -0.35374710; 0.84026930
21:05:22;-0.44036420; -0.34990850; 0.82682730
21:05:22;-0.39321660; -0.39195100; 0.83171810
21:05:22;-0.41428350; -0.37095290; 0.83112160
21:05:22;-0.41749720; -0.36426690; 0.83246960
21:05:22;-0.48830660; -0.29069830; 0.82283120
21:05:23;-0.60377190; -0.18871010; 0.77449860
21:05:23;-0.64651560; -0.15808510; 0.74634220
21:05:23;-0.63620390; -0.14637660; 0.75750800
21:05:23;-0.63312760; -0.14433590; 0.76047130
21:05:23;-0.63531060; -0.13611770; 0.76016610
21:05:23;-0.63121780; -0.14459860; 0.76200750
21:05:23;-0.60354430; -0.19350260; 0.77349270
21:05:23;-0.57425230; -0.20498520; 0.79260030
21:05:23;-0.56057660; -0.20550600; 0.80219780
21:05:23;-0.50709140; -0.20342500; 0.83754200
21:05:24;-0.42054380; -0.25817340; 0.86976400
21:05:24;-0.39986330; -0.22180420; 0.88933250
21:05:24;-0.37558060; -0.24359650; 0.89420350
21:05:24;-0.34806890; -0.23520990; 0.90748240
21:05:24;-0.32397760; -0.24071530; 0.91492870
21:05:24;-0.28469900; -0.26791100; 0.92041840
21:05:24;-0.27815930; -0.24976050; 0.92749510
21:05:24;-0.27797830; -0.23211500; 0.93212160
21:05:24;-0.26642010; -0.24214750; 0.93294420
21:05:24;-0.24059730; -0.25080710; 0.93766130
21:05:25;-0.22392640; -0.24679540; 0.94284090
21:05:25;-0.21671240; -0.25016960; 0.94363710
21:05:25;-0.21875450; -0.23966660; 0.94588920
21:05:25;-0.20388790; -0.23602140; 0.95011770
21:05:25;-0.20358770; -0.23457280; 0.95054070
21:05:25;-0.19971520; -0.22555800; 0.95353940
21:05:25;-0.22008130; -0.18002970; 0.95872490
21:05:25;-0.26056770; -0.14627960; 0.95430960
21:05:25;-0.24783200; -0.12565140; 0.96062010
21:05:25;-0.24147270; -0.08267535; 0.96687940
21:05:26;-0.25024240; -0.05227252; 0.96677110
21:05:26;-0.26800390; 0.02249596; 0.96315520
21:05:26;-0.26702390; 0.02634167; 0.96332990
21:05:26;-0.27058680; 0.03919549; 0.96189740
21:05:26;-0.27778730; 0.07933733; 0.95736090
21:05:26;-0.28566440; 0.08345058; 0.95468940
21:05:26;-0.28721880; 0.08585504; 0.95400960
21:05:26;-0.28443500; 0.07925693; 0.95541360
21:05:26;-0.27245980; 0.05747743; 0.96044890
21:05:26;-0.31605660; -0.08995748; 0.94446590
21:05:27;-0.34849270; -0.12561300; 0.92885640
21:05:27;-0.40136710; -0.21029180; 0.89144930
21:05:27;-0.49174350; -0.27911310; 0.82479340
21:05:27;-0.59860480; -0.34126790; 0.72471270
21:05:27;-0.70327530; -0.34295670; 0.62272350
21:05:27;-0.71520720; -0.40283280; 0.57114290
21:05:27;-0.75344320; -0.43421720; 0.49373970
21:05:27;-0.74062280; -0.45955230; 0.49019350
21:05:27;-0.64701180; -0.58169220; 0.49296010
21:05:27;-0.58254600; -0.65557320; 0.48048300
21:05:28;-0.61576070; -0.64409700; 0.45384760
21:05:28;-0.72782520; -0.57431790; 0.37473890
21:05:28;-0.75219600; -0.58146460; 0.31000030
21:05:28;-0.80681390; -0.52991810; 0.26122370
21:05:28;-0.94310650; -0.29933510; 0.14473640
21:05:28;-0.94904020; -0.28072960; 0.14322520
21:05:28;-0.98698060; -0.11681820; 0.11055630
21:05:28;-0.99423000; -0.10560910; 0.01879768
21:05:28;-0.99940130; -0.03368470; 0.00789277
21:05:28;-0.99728580; -0.07277194; -0.01119160
21:05:29;-0.99550000; -0.05837984; -0.07464223
21:05:29;-0.99648540; -0.04816412; -0.06853419
21:05:29;-0.99634530; -0.01469838; -0.08414266
21:05:29;-0.99536400; -0.04709332; -0.08386188
21:05:29;-0.99589690; -0.04321023; -0.07951335
21:05:29;-0.99651590; -0.06635194; -0.05053293
21:05:29;-0.99412290; -0.10818310; -0.00400625
21:05:29;-0.98868190; -0.14987440; -0.00677543
21:05:29;-0.98026610; -0.19675550; 0.01912605
21:05:29;-0.96169800; -0.27376290; 0.01381466
21:05:30;-0.94319480; -0.32992250; -0.03917950
21:05:30;-0.94454150; -0.32618570; -0.03800712
21:05:30;-0.95416710; -0.29762120; -0.03141012
21:05:30;-0.95998930; -0.26816700; -0.08066583
21:05:30;-0.95497390; -0.27013080; -0.12269630
21:05:30;-0.95940350; -0.25970750; -0.10998660
21:05:30;-0.96522090; -0.25054320; -0.07467835
21:05:30;-0.96476600; -0.25187160; -0.07607371
21:05:30;-0.95856090; -0.27273670; -0.08231543
21:05:30;-0.95188950; -0.29629860; -0.07818866
21:05:31;-0.95673950; -0.27833710; -0.08472317
21:05:31;-0.96075960; -0.26370690; -0.08602118
21:05:31;-0.97401260; -0.20891070; -0.08749750
21:05:31;-0.98155520; -0.16499730; -0.09656798
21:05:31;-0.98365960; -0.13960130; -0.11368990
21:05:31;-0.98140900; -0.07959945; -0.17464350
21:05:31;-0.96670100; -0.06429759; -0.24769980
21:05:31;-0.96830150; -0.15923920; -0.19244430
21:05:31;-0.90171430; -0.42741510; 0.06501994
21:05:31;-0.60203730; -0.68182980; 0.41552300
21:05:32;-0.72180680; -0.48892990; 0.48983910
21:05:32;-0.46416570; -0.68871100; 0.55698050
21:05:32;-0.27775280; -0.77276940; 0.57068460
21:05:32;-0.23860210; -0.73178230; 0.63840710
21:05:32;-0.23156280; -0.68013980; 0.69554900
21:05:32;-0.14029690; -0.67897150; 0.72063480
21:05:32;-0.09342343; -0.52660620; 0.84496030
21:05:32;-0.00248745; -0.51187030; 0.85905920
21:05:32;0.03799847; -0.55200580; 0.83297400
21:05:32;0.05486662; -0.58820280; 0.80685010
21:05:33;0.05375680; -0.61194600; 0.78907050
21:05:33;0.08940647; -0.65685470; 0.74869780
21:05:33;0.09788285; -0.66206880; 0.74302340
21:05:33;0.09887755; -0.69493380; 0.71224310
21:05:33;0.10055290; -0.72322670; 0.68325120
21:05:33;0.11765170; -0.74098960; 0.66112950
21:05:33;0.11402210; -0.73900430; 0.66398170
21:05:33;0.11446640; -0.74111570; 0.66154730
21:05:33;0.10911260; -0.73306620; 0.67134820
21:07:25;-0.04438384; -0.50396130; 0.86258510
21:07:25;-0.04438384; -0.50396130; 0.86258510
21:07:25;-0.04438384; -0.50396130; 0.86258510
21:07:25;-0.25508520; -0.53624490; 0.80459490
21:07:25;-0.25508520; -0.53624490; 0.80459490
21:07:25;-0.25508520; -0.53624490; 0.80459490
21:07:25;-0.31021820; -0.54595910; 0.77826300
21:07:25;-0.31021820; -0.54595910; 0.77826300
21:07:25;-0.36464290; -0.48820360; 0.79290150
21:07:25;-0.36464290; -0.48820360; 0.79290150
21:07:25;-0.38655750; -0.43976080; 0.81066870
21:07:26;-0.21446350; -0.54269110; 0.81209110
21:07:26;-0.21446350; -0.54269110; 0.81209110
21:07:26;-0.11524810; -0.56510220; 0.81693170
21:07:26;-0.11524810; -0.56510220; 0.81693170
21:07:26;-0.14715600; -0.51639180; 0.84361400
21:07:26;-0.04700848; -0.44516520; 0.89421370
21:07:26;-0.04700848; -0.44516520; 0.89421370
21:07:26;-0.09624474; -0.39418520; 0.91397760
21:07:26;-0.09639071; -0.36198940; 0.92718530
21:07:26;-0.09639071; -0.36198940; 0.92718530
21:07:27;-0.08865359; -0.35700020; 0.92988780
21:07:27;-0.08865359; -0.35700020; 0.92988780
21:07:27;-0.08807035; -0.35992910; 0.92881350
21:07:27;-0.08807035; -0.35992910; 0.92881350
21:07:27;-0.07450296; -0.37069380; 0.92576210
21:07:27;-0.02453056; -0.43064770; 0.90218670
21:07:27;-0.02453056; -0.43064770; 0.90218670
21:07:27;-0.02120273; -0.43276230; 0.90125870
21:07:27;-0.02120273; -0.43276230; 0.90125870
21:07:27;-0.03538823; -0.42190620; 0.90594860
21:07:28;-0.04667501; -0.41949730; 0.90655580
21:07:28;-0.04667501; -0.41949730; 0.90655580
21:07:28;-0.05312714; -0.41989180; 0.90601780
21:07:28;-0.05312714; -0.41989180; 0.90601780
21:07:28;-0.05775879; -0.41454260; 0.90819510
21:07:28;-0.04970258; -0.40164070; 0.91444750
21:07:28;-0.04970258; -0.40164070; 0.91444750
21:07:28;-0.00050776; -0.48269260; 0.87578970
21:07:28;-0.00050776; -0.48269260; 0.87578970
21:07:28;0.00436257; -0.50941320; 0.86051090
21:07:28;0.00436257; -0.50941320; 0.86051090
21:07:29;0.01277411; -0.53426120; 0.84522290
21:07:29;-0.00904022; -0.48732220; 0.87317540
21:07:29;-0.00904022; -0.48732220; 0.87317540
21:07:29;0.00309554; -0.50434230; 0.86349830
21:07:29;0.00309554; -0.50434230; 0.86349830
21:07:29;0.02391133; -0.52926770; 0.84811790
21:07:29;0.00850070; -0.60758690; 0.79420780
21:07:29;0.00850070; -0.60758690; 0.79420780
21:07:29;0.00079766; -0.57493130; 0.81820140
21:07:29;0.00079766; -0.57493130; 0.81820140
21:07:30;-0.05793026; -0.56358590; 0.82402370
21:07:30;-0.03124827; -0.56748460; 0.82279090
21:07:30;-0.03124827; -0.56748460; 0.82279090
21:07:30;-0.03037274; -0.55742270; 0.82967310
21:07:30;-0.05111700; -0.55799510; 0.82826840
21:07:30;-0.05111700; -0.55799510; 0.82826840
21:07:30;-0.03413069; -0.55262240; 0.83273260
21:07:30;-0.03413069; -0.55262240; 0.83273260
21:07:30;-0.01570937; -0.56187160; 0.82707530
21:07:30;-0.01570937; -0.56187160; 0.82707530
21:07:31;-0.01829758; -0.56236780; 0.82668480
21:07:31;-0.01168504; -0.56734740; 0.82339560
21:07:31;-0.01168504; -0.56734740; 0.82339560
21:07:31;-0.02426282; -0.56383400; 0.82553170
21:07:31;-0.02426282; -0.56383400; 0.82553170
21:07:31;-0.03405026; -0.57638830; 0.81646620
