21:03:41;-0.08179660, -0.01564690, 0.04458623, 0.99552830
21:03:41;-0.08179601, -0.01562908, 0.04499228, 0.99551030
21:03:41;-0.08206862, -0.01579085, 0.04497338, 0.99548620
21:03:41;-0.08212020, -0.01576211, 0.04513631, 0.99547490
21:03:41;-0.08207026, -0.01557267, 0.04534717, 0.99547260
21:03:41;-0.08223010, -0.01598050, 0.04523969, 0.99545770
21:03:42;-0.08196355, -0.01644629, 0.04556125, 0.99545750
21:03:42;-0.08167865, -0.01642190, 0.04535057, 0.99549100
21:03:42;-0.08229683, -0.01757696, 0.04604110, 0.99538860
21:03:42;-0.08270270, -0.01834150, 0.04701836, 0.99529550
21:03:42;-0.08305075, -0.01869857, 0.04720643, 0.99525100
21:03:42;-0.08345024, -0.01977850, 0.04765717, 0.99517520
21:03:42;-0.08302922, -0.01893199, 0.04747483, 0.99523560
21:03:42;-0.08269058, -0.01906924, 0.04692510, 0.99528720
21:03:42;-0.08262596, -0.01891102, 0.04690713, 0.99529650
21:03:42;-0.08060139, -0.00827342, 0.04578570, 0.99565990
21:03:43;-0.07690699, 0.01654976, 0.04538097, 0.99586740
21:03:43;-0.06665441, 0.13685510, 0.05259624, 0.98694560
21:03:43;-0.12441210, 0.24233600, 0.02335902, 0.96189880
21:03:43;-0.09858771, 0.28973160, 0.01970838, 0.95181270
21:03:43;-0.07803445, 0.32224870, -0.00018966, 0.94343330
21:03:43;-0.07590958, 0.35801540, -0.01323847, 0.93053080
21:03:43;-0.07668468, 0.35843750, -0.01139462, 0.93032910
21:03:43;-0.05790544, 0.34831820, -0.02201992, 0.93532690
21:03:43;-0.04721145, 0.34329200, -0.03046909, 0.93754650
21:03:43;-0.03976528, 0.33030310, -0.04508192, 0.94195860
21:03:44;-0.03932542, 0.31997500, -0.04862254, 0.94535980
21:03:44;-0.04479371, 0.27658620, -0.05436777, 0.95840360
21:03:44;-0.06961785, 0.23443620, -0.04781521, 0.96845590
21:03:44;-0.12771240, 0.14286980, -0.05792948, 0.97975610
21:03:44;-0.13858440, 0.11562820, -0.06738003, 0.98126670
21:03:44;-0.14048950, 0.07931209, -0.07336689, 0.98416940
21:03:44;-0.15522940, 0.07012104, -0.07591999, 0.98245760
21:03:44;-0.17112160, 0.06500389, -0.07487357, 0.98024790
21:03:44;-0.16827550, 0.06753732, -0.07824381, 0.98030610
21:03:44;-0.16247350, 0.06835639, -0.08911005, 0.98030050
21:03:45;-0.16264470, 0.06781898, -0.09552611, 0.97970510
21:03:45;-0.16142210, 0.06807301, -0.09541042, 0.97990100
21:03:45;-0.15222170, 0.06520940, -0.10105410, 0.98100170
21:03:45;-0.14718880, 0.06091849, -0.10288130, 0.98185530
21:03:45;-0.14123450, 0.05923508, -0.10410560, 0.98270340
21:03:45;-0.13622510, 0.05616487, -0.10597530, 0.98339080
21:03:45;-0.13402000, 0.05720620, -0.10542090, 0.98369330
21:03:45;-0.13434760, 0.06158145, -0.10747830, 0.98316170
21:03:45;-0.14039750, 0.06177566, -0.10962360, 0.98206670
21:03:45;-0.14244650, 0.06204731, -0.10945920, 0.98177280
21:03:46;-0.14276850, 0.06197140, -0.11132910, 0.98152050
21:03:46;-0.14551210, 0.06193047, -0.11224240, 0.98101600
21:03:46;-0.14618700, 0.06119470, -0.11167220, 0.98102700
21:03:46;-0.15117730, 0.05430105, -0.10398130, 0.98152160
21:03:46;-0.17538370, 0.03797086, -0.09340729, 0.97932310
21:03:46;-0.19370030, 0.03173134, -0.08674050, 0.97670330
21:03:46;-0.20310770, 0.01946742, -0.07599977, 0.97600840
21:03:46;-0.20716880, 0.01576516, -0.06913818, 0.97573170
21:03:46;-0.20906520, 0.01114287, -0.06392269, 0.97574650
21:03:46;-0.20844750, 0.00568403, -0.06216988, 0.97603910
21:03:47;-0.20825070, 0.00228852, -0.06302833, 0.97603980
21:03:47;-0.20257670, -0.00224156, -0.06372163, 0.97718830
21:03:47;-0.20190160, -0.00021042, -0.06295566, 0.97738030
21:03:47;-0.20421270, 0.00328061, -0.06318823, 0.97687960
21:03:47;-0.20455710, 0.00794215, -0.05908789, 0.97703730
21:03:47;-0.19809590, 0.00807720, -0.04943053, 0.97890220
21:03:47;-0.19057280, 0.00859520, -0.04399593, 0.98064890
21:03:47;-0.17695500, 0.00350367, -0.03476070, 0.98359870
21:03:47;-0.17586640, -0.00712304, -0.02590217, 0.98404750
21:03:47;-0.17404430, -0.00579951, -0.02391099, 0.98443040
21:03:48;-0.18180240, 0.01174799, -0.03409955, 0.98267350
21:03:48;-0.17519560, 0.03119889, -0.05147557, 0.98269190
21:03:48;-0.16647970, 0.03855644, -0.05639767, 0.98367540
21:03:48;-0.16118140, 0.04110364, -0.05420153, 0.98457770
21:03:48;-0.16377880, 0.02668767, -0.04705931, 0.98501250
21:03:48;-0.15554050, 0.02014278, -0.04559266, 0.98657110
21:03:48;-0.15257770, 0.01013504, -0.03559022, 0.98759840
21:03:48;-0.13591730, -0.00577371, -0.02888325, 0.99028220
21:03:48;-0.13454500, -0.01156528, -0.03193295, 0.99032520
21:03:48;-0.14795940, -0.01413652, -0.03620819, 0.98822930
21:03:49;-0.14453570, -0.00741464, -0.03571372, 0.98882700
21:03:49;-0.14532050, -0.00438761, -0.03528133, 0.98874560
21:03:49;-0.15514090, -0.00073885, -0.03775748, 0.98717030
21:03:49;-0.16402080, 0.00223573, -0.03780825, 0.98572960
21:03:49;-0.17208810, 0.00248333, -0.03076643, 0.98459790
21:03:49;-0.18144290, 0.00539812, -0.03280002, 0.98283940
21:03:49;-0.17297530, 0.00231746, -0.03435256, 0.98432420
21:03:49;-0.16975870, -0.00714139, -0.03287032, 0.98491140
21:03:49;-0.17140100, -0.00969714, -0.03200058, 0.98463380
21:03:49;-0.16665790, -0.01193391, -0.02615450, 0.98559560
21:03:50;-0.17205260, -0.00351267, -0.02143626, 0.98484830
21:03:50;-0.16277070, 0.00769511, -0.01992835, 0.98643260
21:03:50;-0.16528270, 0.01185157, -0.01716730, 0.98602550
21:03:50;-0.16134950, 0.01504139, -0.01838332, 0.98661140
21:03:50;-0.15668460, 0.01178764, -0.02389111, 0.98728920
21:03:50;-0.15096760, 0.00425093, -0.02660563, 0.98817140
21:03:50;-0.15865830, -0.00136941, -0.03056094, 0.98685960
21:03:50;-0.16399130, -0.00171519, -0.03321784, 0.98590090
21:03:50;-0.14633610, 0.00181820, -0.03685226, 0.98854650
21:03:50;-0.15848100, 0.00076894, -0.04265878, 0.98643980
21:03:51;-0.16609550, -0.00498918, -0.04381738, 0.98512300
21:03:51;-0.16347080, -0.01278320, -0.04206371, 0.98556800
21:03:51;-0.16073850, -0.01949814, -0.04007265, 0.98599030
21:03:51;-0.15574750, -0.02209734, -0.03934480, 0.98676560
21:03:51;-0.15218420, -0.02483995, -0.03930004, 0.98725810
21:03:51;-0.15149870, -0.02766600, -0.04124816, 0.98720880
21:03:51;-0.15037020, -0.03189410, -0.04128870, 0.98725220
21:03:51;-0.14747210, -0.03304655, -0.04055264, 0.98768170
21:03:51;-0.14051250, -0.03669110, -0.04074441, 0.98855940
21:03:51;-0.13654710, -0.05528378, -0.04240144, 0.98818050
21:03:52;-0.13358080, -0.06464700, -0.04180866, 0.98804300
21:03:52;-0.13306090, -0.06612135, -0.03958554, 0.98810710
21:03:52;-0.13106660, -0.06030614, -0.03963961, 0.98874340
21:03:52;-0.13039570, -0.06225019, -0.04140233, 0.98863940
21:03:52;-0.13128090, -0.06379781, -0.04191875, 0.98840170
21:03:52;-0.13018060, -0.06323022, -0.04157332, 0.98859820
21:03:52;-0.12875530, -0.06054516, -0.04181735, 0.98894260
21:03:52;-0.12854950, -0.06048271, -0.04196340, 0.98896710
21:03:52;-0.12798450, -0.06227443, -0.04561821, 0.98876730
21:03:52;-0.13314420, -0.06591913, -0.05523670, 0.98735820
21:03:53;-0.13299340, -0.06852274, -0.05210514, 0.98737140
21:03:53;-0.13633200, -0.07141910, -0.05098775, 0.98676900
21:03:53;-0.13589320, -0.07548665, -0.04939508, 0.98660780
21:03:53;-0.13439960, -0.07608237, -0.04827794, 0.98682190
21:03:53;-0.13336850, -0.07616471, -0.04862729, 0.98693830
21:03:53;-0.12906840, -0.07491575, -0.04752843, 0.98765890
21:03:53;-0.12862730, -0.07580492, -0.04879623, 0.98758670
21:03:53;-0.12693710, -0.07628635, -0.04895048, 0.98776070
21:03:53;-0.12513020, -0.07460780, -0.04771236, 0.98818000
21:03:53;-0.12519730, -0.07310935, -0.04727023, 0.98830460
21:03:54;-0.12422450, -0.07086610, -0.04867694, 0.98852250
21:03:54;-0.12380850, -0.07060788, -0.05014355, 0.98851990
21:03:54;-0.12449830, -0.07131059, -0.05048276, 0.98836550
21:03:54;-0.12474690, -0.07291114, -0.04922450, 0.98828090
21:03:54;-0.12409100, -0.07239506, -0.04905438, 0.98840980
21:03:54;-0.12268550, -0.07167233, -0.04876870, 0.98865210
21:03:54;-0.12316220, -0.07204112, -0.04871157, 0.98856880
21:03:54;-0.12385390, -0.07238749, -0.04984497, 0.98840060
21:03:54;-0.12523170, -0.07280002, -0.05067421, 0.98815440
21:03:54;-0.12596280, -0.07214624, -0.05024592, 0.98813140
21:03:55;-0.12626150, -0.07185517, -0.05040043, 0.98810660
21:03:55;-0.12662520, -0.07193620, -0.05077753, 0.98803480
21:03:55;-0.12787110, -0.07221934, -0.05002931, 0.98789190
21:03:55;-0.12760740, -0.07158493, -0.04927128, 0.98801030
21:03:55;-0.12776400, -0.07094647, -0.05007043, 0.98799590
21:03:55;-0.12785030, -0.07093371, -0.05110201, 0.98793290
21:03:55;-0.12858900, -0.07070151, -0.05059055, 0.98787980
21:03:55;-0.12816900, -0.07096992, -0.05092466, 0.98789810
21:03:55;-0.12789250, -0.07191582, -0.05140505, 0.98784070
21:03:55;-0.12699310, -0.07192060, -0.05091999, 0.98798140
21:03:56;-0.12699860, -0.07225186, -0.05195248, 0.98790280
21:03:56;-0.12675270, -0.07268383, -0.05228047, 0.98788540
21:03:56;-0.12770250, -0.07482409, -0.05227986, 0.98760330
21:03:56;-0.12714570, -0.07522304, -0.05168115, 0.98767630
21:03:56;-0.12643820, -0.07530420, -0.05186620, 0.98775120
21:03:56;-0.12595720, -0.07522839, -0.05160157, 0.98783240
21:03:56;-0.12499600, -0.07511009, -0.05273272, 0.98790370
21:03:56;-0.12437070, -0.07579505, -0.05279467, 0.98792700
21:03:56;-0.12442350, -0.07630173, -0.05271050, 0.98788580
21:03:56;-0.12392940, -0.07593776, -0.05206886, 0.98800990
21:03:57;-0.12367400, -0.07665352, -0.05173815, 0.98800410
21:03:57;-0.12392500, -0.07631085, -0.05187772, 0.98799190
21:03:57;-0.12343360, -0.07648724, -0.05161911, 0.98805330
21:03:57;-0.12283160, -0.07547167, -0.05216201, 0.98817790
21:03:57;-0.12215610, -0.07609244, -0.05239236, 0.98820190
21:03:57;-0.12246010, -0.07598311, -0.05218673, 0.98818340
21:03:57;-0.12191520, -0.07570618, -0.05224327, 0.98826920
21:03:57;-0.12190360, -0.07534792, -0.05182025, 0.98832010
21:03:57;-0.12172210, -0.07551620, -0.05211614, 0.98831420
21:03:57;-0.12184140, -0.07539158, -0.05205994, 0.98831190
21:03:58;-0.12222220, -0.07421528, -0.05240059, 0.98833600
21:03:58;-0.12200510, -0.07455897, -0.05276056, 0.98831780
21:03:58;-0.12353250, -0.07368186, -0.05301736, 0.98818010
21:03:58;-0.12383720, -0.07316148, -0.05325178, 0.98816800
21:03:58;-0.12467590, -0.07253639, -0.05269714, 0.98813830
21:03:58;-0.12524390, -0.07232431, -0.05295536, 0.98806820
21:03:58;-0.12548480, -0.07133955, -0.05365114, 0.98807170
21:03:58;-0.12579610, -0.07068448, -0.05439495, 0.98803860
21:03:58;-0.12487200, -0.07086661, -0.05488759, 0.98811550
21:03:58;-0.12531650, -0.07055171, -0.05516406, 0.98806640
21:03:59;-0.12390690, -0.07005251, -0.05513906, 0.98828100
21:03:59;-0.12333340, -0.07023666, -0.05543180, 0.98832340
21:03:59;-0.12305820, -0.06973749, -0.05567085, 0.98837950
21:03:59;-0.12176760, -0.06907477, -0.05621388, 0.98855510
21:03:59;-0.12109760, -0.06896495, -0.05727669, 0.98858420
21:03:59;-0.12017700, -0.06989045, -0.05753671, 0.98861630
21:03:59;-0.12007300, -0.06970786, -0.05733633, 0.98865360
21:03:59;-0.11981420, -0.06964354, -0.05712649, 0.98870160
21:03:59;-0.11968540, -0.07009005, -0.05692600, 0.98869720
21:03:59;-0.11971780, -0.07020690, -0.05670881, 0.98869750
21:04:00;-0.11899170, -0.06999064, -0.05672788, 0.98879940
21:04:00;-0.11851650, -0.06941930, -0.05742118, 0.98885670
21:04:00;-0.11823330, -0.06960807, -0.05738081, 0.98887960
21:04:00;-0.11888840, -0.06985378, -0.05687578, 0.98881300
21:04:00;-0.11824690, -0.06994910, -0.05659289, 0.98889950
21:04:00;-0.11859220, -0.06999423, -0.05649150, 0.98886070
21:04:00;-0.11930310, -0.06914049, -0.05635705, 0.98884290
21:04:00;-0.11972670, -0.06763064, -0.05704617, 0.98885650
21:04:00;-0.12034760, -0.06745248, -0.05707871, 0.98879140
21:04:00;-0.12042290, -0.06549389, -0.05674310, 0.98893330
21:04:01;-0.12106090, -0.06410842, -0.05701349, 0.98893060
21:04:01;-0.12164020, -0.06431531, -0.05765321, 0.98880900
21:04:01;-0.12251570, -0.06380544, -0.05869453, 0.98867270
21:04:01;-0.12141710, -0.06268338, -0.05929362, 0.98884430
21:04:01;-0.12034940, -0.06330906, -0.06010654, 0.98888580
21:04:01;-0.12004520, -0.06340443, -0.05975528, 0.98893800
21:04:01;-0.11796700, -0.06306184, -0.06001662, 0.98919420
21:04:01;-0.11743700, -0.06407557, -0.05934610, 0.98923250
21:04:01;-0.11733190, -0.06418870, -0.05957599, 0.98922380
21:04:01;-0.11606960, -0.06432955, -0.05943082, 0.98937220
21:04:02;-0.11582770, -0.06410670, -0.05948338, 0.98941200
21:04:02;-0.11479880, -0.06420454, -0.05957453, 0.98952010
21:04:02;-0.11499140, -0.06427886, -0.06039325, 0.98944310
21:04:02;-0.11420800, -0.06394678, -0.06017561, 0.98956870
21:04:02;-0.11393070, -0.06441849, -0.06015594, 0.98957130
21:04:02;-0.11364760, -0.06432433, -0.06003536, 0.98961730
21:04:02;-0.11363230, -0.06427112, -0.06035804, 0.98960290
21:04:02;-0.11342520, -0.06432715, -0.06033719, 0.98962430
21:04:02;-0.11316210, -0.06426601, -0.06045657, 0.98965100
21:04:02;-0.11207470, -0.06383625, -0.06122578, 0.98975530
21:04:03;-0.11266380, -0.06353367, -0.06108643, 0.98971650
21:04:03;-0.11318320, -0.06346112, -0.06146172, 0.98963870
21:04:03;-0.11561910, -0.06254461, -0.06234822, 0.98936000
21:04:03;-0.11825500, -0.05913177, -0.06352453, 0.98918340
21:04:03;-0.11990560, -0.05747923, -0.06379525, 0.98906470
21:04:03;-0.12320740, -0.05504380, -0.06441103, 0.98875740
21:04:03;-0.13322380, -0.04920633, -0.06539426, 0.98770120
21:04:03;-0.13991040, -0.04531504, -0.06347228, 0.98708810
21:04:03;-0.15032520, -0.03694265, -0.06130112, 0.98604250
21:04:03;-0.15198370, -0.03275172, -0.05592050, 0.98625610
21:04:04;-0.15325030, -0.03228487, -0.04957058, 0.98641510
21:04:04;-0.15541700, -0.03229284, -0.04485381, 0.98630170
21:04:04;-0.16349840, -0.03186910, -0.03769630, 0.98530790
21:04:04;-0.16533740, -0.03366080, -0.03634947, 0.98499200
21:04:04;-0.16490190, -0.03310045, -0.03552365, 0.98511410
21:04:04;-0.16814370, -0.03102258, -0.03585904, 0.98462150
21:04:04;-0.17241980, -0.03053968, -0.03498220, 0.98392830
21:04:04;-0.17232280, -0.02999233, -0.03489285, 0.98396540
21:04:04;-0.17167940, -0.02896633, -0.03502630, 0.98410380
21:04:04;-0.17193130, -0.02897502, -0.03507376, 0.98405780
21:04:05;-0.17193780, -0.02445077, -0.03282286, 0.98425710
21:04:05;-0.17202820, -0.01809132, -0.03210405, 0.98440240
21:04:05;-0.16839610, -0.00845399, -0.03685830, 0.98499380
21:04:05;-0.16843530, -0.01417908, -0.03722427, 0.98490740
21:04:05;-0.16703640, -0.01611198, -0.03643056, 0.98514570
21:04:05;-0.16470300, -0.01641463, -0.03564545, 0.98556210
21:04:05;-0.16480560, -0.01697828, -0.03519135, 0.98555190
21:04:05;-0.16407840, -0.01775904, -0.03511367, 0.98566210
21:04:05;-0.16332200, -0.01825121, -0.03545306, 0.98576660
21:04:05;-0.16337430, -0.01795114, -0.03566424, 0.98575580
21:04:06;-0.16328640, -0.01817902, -0.03612542, 0.98574950
21:04:06;-0.16479580, -0.01882902, -0.03651640, 0.98547150
21:04:06;-0.16572020, -0.01904118, -0.03667556, 0.98530660
21:04:06;-0.16536350, -0.01872225, -0.03771412, 0.98533340
21:04:06;-0.16663410, -0.01882613, -0.03827955, 0.98509560
21:04:06;-0.16647550, -0.01862901, -0.03905503, 0.98509570
21:04:06;-0.16739750, -0.01858277, -0.03883954, 0.98494880
21:04:06;-0.16687770, -0.01858419, -0.03912931, 0.98502560
21:04:06;-0.16691800, -0.01859359, -0.03908730, 0.98502020
21:04:06;-0.16461800, -0.01847517, -0.03941152, 0.98539640
21:04:07;-0.16309470, -0.01836858, -0.03967469, 0.98564120
21:04:07;-0.16251970, -0.01833931, -0.03961329, 0.98573920
21:04:07;-0.16160020, -0.01892526, -0.03972924, 0.98587470
21:04:07;-0.16032320, -0.01821129, -0.03953846, 0.98610410
21:04:07;-0.15981880, -0.01814656, -0.03968598, 0.98618130
21:04:07;-0.15891300, -0.01707423, -0.03891408, 0.98637750
21:04:07;-0.15449440, -0.01351934, -0.03939064, 0.98711560
21:04:07;-0.14769420, 0.00304522, -0.04076409, 0.98818800
21:04:07;-0.15027990, 0.02187592, -0.04207865, 0.98750530
21:04:07;-0.15812630, 0.05879641, -0.04305908, 0.98472580
21:04:08;-0.16054580, 0.08170108, -0.04559449, 0.98258390
21:04:08;-0.16348960, 0.08957606, -0.04660951, 0.98136380
21:04:08;-0.16298970, 0.12196410, -0.04890820, 0.97783800
21:04:08;-0.15881080, 0.14213680, -0.05228548, 0.97562410
21:04:08;-0.16032420, 0.14444370, -0.05076415, 0.97511800
21:04:08;-0.15850060, 0.13864420, -0.05265418, 0.97615720
21:04:08;-0.15931300, 0.13806720, -0.05163613, 0.97616110
21:04:08;-0.16369580, 0.14898460, -0.04601727, 0.97410970
21:04:08;-0.16613910, 0.15834290, -0.04228972, 0.97238710
21:04:08;-0.16645530, 0.16635230, -0.04236268, 0.97099180
21:04:09;-0.16674930, 0.16427160, -0.04421936, 0.97121270
21:04:09;-0.16909910, 0.15695930, -0.04803352, 0.97183440
21:04:09;-0.16657580, 0.15545630, -0.04723059, 0.97255090
21:04:09;-0.16631240, 0.15525560, -0.04617457, 0.97267860
21:04:09;-0.16748360, 0.15501420, -0.04572857, 0.97253730
21:04:09;-0.16760670, 0.15520050, -0.04384734, 0.97257290
21:04:09;-0.16678260, 0.15100430, -0.04103838, 0.97349740
21:04:09;-0.16498340, 0.14551000, -0.04256629, 0.97457450
21:04:09;-0.16587500, 0.13966870, -0.03527789, 0.97556840
21:04:09;-0.16718780, 0.14918780, -0.03017862, 0.97410490
21:04:10;-0.17107240, 0.17604940, -0.01937252, 0.96920870
21:04:10;-0.17641630, 0.19089310, -0.01186651, 0.96555500
21:04:10;-0.18760190, 0.19653600, -0.00755987, 0.96235230
21:04:10;-0.18556560, 0.19583660, -0.00511030, 0.96290560
21:04:10;-0.18571930, 0.19017000, -0.00486473, 0.96401250
21:04:10;-0.18403780, 0.16243070, 0.00215644, 0.96940270
21:04:10;-0.19497530, -0.02368350, -0.00195759, 0.98052020
21:04:10;-0.20747830, -0.19956000, -0.01179182, 0.95759570
21:04:10;-0.21160370, -0.25844240, -0.00967499, 0.94251680
21:04:10;-0.20724410, -0.33018620, -0.00404889, 0.92087480
21:04:11;-0.20779680, -0.33575010, 0.00360001, 0.91873790
21:04:11;-0.20767510, -0.32375250, 0.00732023, 0.92303940
21:04:11;-0.20597150, -0.31719550, 0.00613183, 0.92570250
21:04:11;-0.20398130, -0.31288710, 0.00033168, 0.92762770
21:04:11;-0.19753090, -0.29805560, -0.00970100, 0.93383630
21:04:11;-0.19389670, -0.27127290, -0.01397038, 0.94266630
21:04:11;-0.18680040, -0.22533120, -0.01479050, 0.95609240
21:04:11;-0.18250230, -0.17273540, -0.01788718, 0.96774760
21:04:11;-0.19058650, -0.10787300, -0.01328401, 0.97563490
21:04:11;-0.19505180, -0.07297336, -0.00869286, 0.97803570
21:04:12;-0.19745430, -0.01040426, 0.00112813, 0.98025630
21:04:12;-0.20715730, 0.05069680, 0.01088927, 0.97693250
21:04:12;-0.20707050, 0.11631730, 0.01698141, 0.97123810
21:04:12;-0.21693170, 0.17396850, 0.04280844, 0.95960570
21:04:12;-0.22068150, 0.18209320, 0.04845540, 0.95697100
21:04:12;-0.22008900, 0.17674690, 0.04487070, 0.95828390
21:04:12;-0.21940500, 0.17634530, 0.04619392, 0.95845170
21:04:12;-0.22050490, 0.17683240, 0.04621722, 0.95810850
21:04:12;-0.22007180, 0.17132690, 0.04512071, 0.95925990
21:04:12;-0.21876600, 0.16305170, 0.04153969, 0.96116080
21:04:13;-0.21638110, 0.13387410, 0.03755167, 0.96635740
21:04:13;-0.21686470, 0.11209840, 0.03550072, 0.96909410
21:04:13;-0.21624560, 0.06208048, 0.02976621, 0.97390850
21:04:13;-0.21463970, -0.01685732, 0.01617118, 0.97641390
21:04:13;-0.21334130, -0.06455269, 0.00490392, 0.97483050
21:04:13;-0.21515600, -0.14848910, -0.02081795, 0.96500030
21:04:13;-0.20936180, -0.20234420, -0.02159417, 0.95642990
21:04:13;-0.20105860, -0.22863590, -0.02050749, 0.95230260
21:04:13;-0.20012080, -0.23868550, -0.02207421, 0.94999670
21:04:13;-0.19629160, -0.23542240, -0.02210056, 0.95160780
21:04:14;-0.19626310, -0.23521400, -0.02577346, 0.95157280
21:04:14;-0.19644440, -0.23334360, -0.02757998, 0.95194510
21:04:14;-0.19446450, -0.22638580, -0.03022155, 0.95394950
21:04:14;-0.19296350, -0.21790280, -0.03146697, 0.95618690
21:04:14;-0.18901390, -0.19988990, -0.02891283, 0.96097950
21:04:14;-0.18185260, -0.14839720, -0.03067766, 0.97157960
21:04:14;-0.18230520, -0.12593620, -0.03246782, 0.97460280
21:04:14;-0.18156470, -0.08829315, -0.02764346, 0.97901710
21:04:14;-0.17609600, -0.06373228, -0.01993724, 0.98210540
21:04:14;-0.17234510, -0.04654434, -0.01721236, 0.98378580
21:04:15;-0.16906430, -0.04495293, -0.01716715, 0.98442970
21:04:15;-0.17012620, -0.05269865, -0.01619647, 0.98387880
21:04:15;-0.17098540, -0.06147772, -0.01502644, 0.98323890
21:04:15;-0.17479280, -0.09541138, -0.01340724, 0.97987980
21:04:15;-0.17890060, -0.11852990, -0.01458734, 0.97659230
21:04:15;-0.18646750, -0.14685070, -0.01853112, 0.97124730
21:04:15;-0.18750650, -0.15337350, -0.02223115, 0.96996060
21:04:15;-0.19073860, -0.16994660, -0.02439918, 0.96650990
21:04:15;-0.19206260, -0.17765450, -0.02494393, 0.96484640
21:04:15;-0.19262300, -0.17473080, -0.02520866, 0.96526160
21:04:16;-0.18916800, -0.15624600, -0.02626331, 0.96907840
21:04:16;-0.18370550, -0.12553300, -0.02743282, 0.97454670
21:04:16;-0.17609810, -0.07869894, -0.02237521, 0.98096650
21:04:16;-0.17282630, -0.05291650, -0.01544420, 0.98340860
21:04:16;-0.16758600, -0.01093451, -0.00491454, 0.98578460
21:04:16;-0.17170960, 0.02168807, 0.00403084, 0.98490060
21:04:16;-0.17619940, 0.03576770, 0.01111535, 0.98364160
21:04:16;-0.17152990, 0.05773959, 0.02241785, 0.98322990
21:04:16;-0.17271500, 0.08306678, 0.03631888, 0.98079060
21:04:16;-0.17169700, 0.09580488, 0.04226003, 0.97956910
21:04:17;-0.16892430, 0.11297990, 0.05454323, 0.97761200
21:04:17;-0.16645470, 0.12375570, 0.06573019, 0.97604140
21:04:17;-0.16594780, 0.12956240, 0.06691843, 0.97529320
21:04:17;-0.16278470, 0.14647550, 0.07539088, 0.97281150
21:04:17;-0.16255500, 0.15858650, 0.07781627, 0.97075790
21:04:17;-0.16242320, 0.23005320, 0.09342120, 0.95496950
21:04:17;-0.15778400, 0.25746620, 0.09975585, 0.94808450
21:04:17;-0.16269450, 0.25750730, 0.09661070, 0.94756900
21:04:17;-0.16627480, 0.24963800, 0.09464125, 0.94925050
21:04:17;-0.17022600, 0.22860960, 0.08256634, 0.95495740
21:04:18;-0.16505820, 0.21819730, 0.05908262, 0.96002860
21:04:18;-0.16222990, 0.21314090, 0.04631539, 0.96234470
21:04:18;-0.16550400, 0.20636200, 0.03510925, 0.96373780
21:04:18;-0.16578250, 0.20112360, 0.01763856, 0.96527420
21:04:18;-0.16544170, 0.20282580, 0.01037991, 0.96508180
21:04:18;-0.16454330, 0.20641230, 0.01089673, 0.96446910
21:04:18;-0.16191690, 0.20633710, 0.01121332, 0.96492590
21:04:18;-0.16257160, 0.19195980, 0.01118009, 0.96777940
21:04:18;-0.17096210, 0.13866830, 0.01352186, 0.97537700
21:04:18;-0.17286520, 0.11298280, 0.01698676, 0.97829650
21:04:19;-0.17531570, 0.07032147, 0.02216908, 0.98174740
21:04:19;-0.17296310, 0.03376732, 0.02386909, 0.98405980
21:04:19;-0.17259040, 0.02736460, 0.02481961, 0.98430060
21:04:19;-0.17384440, 0.01106655, 0.02217419, 0.98446120
21:04:19;-0.17377520, 0.00771260, 0.02351557, 0.98447420
21:04:19;-0.16850180, 0.01207889, 0.02216728, 0.98537800
21:04:19;-0.16668910, 0.01258025, 0.01917866, 0.98574270
21:04:19;-0.16723810, 0.00884918, 0.01702723, 0.98572980
21:04:19;-0.16628370, 0.00459457, 0.01714323, 0.98591820
21:04:19;-0.16518260, -0.00544564, 0.01507774, 0.98613270
21:04:20;-0.16873970, -0.01418874, 0.01640062, 0.98542210
21:04:20;-0.16975790, -0.02650260, 0.01696962, 0.98498320
21:04:20;-0.17050610, -0.02838836, 0.01669689, 0.98480610
21:04:20;-0.17049500, -0.02930517, 0.01564960, 0.98479830
21:04:20;-0.17014310, -0.03370767, 0.01204280, 0.98476910
21:04:20;-0.17114130, -0.03786840, 0.01161106, 0.98444990
21:04:20;-0.17271250, -0.03804620, 0.01096527, 0.98417600
21:04:20;-0.17437290, -0.03874578, 0.01033057, 0.98386290
21:04:20;-0.17456420, -0.04113366, 0.00923329, 0.98374280
21:04:20;-0.17507660, -0.04205401, 0.00923057, 0.98361300
21:04:21;-0.17378180, -0.04258662, 0.00995843, 0.98381250
21:04:21;-0.17400690, -0.04651748, 0.00800473, 0.98361250
21:04:21;-0.17404880, -0.05072306, 0.00831274, 0.98339470
21:04:21;-0.17499580, -0.05331532, 0.00798854, 0.98309210
21:04:21;-0.17660830, -0.06451512, 0.00686024, 0.98214070
21:04:21;-0.18090000, -0.09534700, 0.00630689, 0.97884850
21:04:21;-0.18054230, -0.10004430, 0.00704275, 0.97844060
21:04:21;-0.17749460, -0.10500520, 0.00185098, 0.97850200
21:04:21;-0.18063180, -0.15024610, -0.00972020, 0.97195880
21:04:21;-0.19682720, -0.22493700, -0.02599089, 0.95393230
21:04:22;-0.20031980, -0.25917940, -0.02600496, 0.94446900
21:04:22;-0.19840860, -0.25809960, -0.01725697, 0.94536810
21:04:22;-0.19419530, -0.24893030, -0.01465150, 0.94873970
21:04:22;-0.18832110, -0.24736930, -0.02124118, 0.95020650
21:04:22;-0.18076950, -0.25434940, -0.02542971, 0.94972740
21:04:22;-0.17650140, -0.25543200, -0.02317178, 0.95029720
21:04:22;-0.16184980, -0.24047440, -0.01853577, 0.95688720
21:04:22;-0.14506070, -0.21409690, -0.01577705, 0.96585250
21:04:22;-0.13833750, -0.18951170, -0.02098503, 0.97185790
21:04:22;-0.14059820, -0.17006630, -0.01684886, 0.97520550
21:04:23;-0.13981790, -0.15689080, -0.01290531, 0.97758350
21:04:23;-0.13337280, -0.13256270, -0.01340396, 0.98206880
21:04:23;-0.13251410, -0.12389960, -0.01604753, 0.98327580
21:04:23;-0.13168100, -0.12558170, -0.01506858, 0.98318990
21:04:23;-0.13068170, -0.12485630, -0.01222520, 0.98345500
21:04:23;-0.13070860, -0.12326390, -0.01187300, 0.98365660
21:04:23;-0.13028520, -0.12090470, -0.01186720, 0.98400560
21:04:23;-0.12840590, -0.11751580, -0.01388213, 0.98463660
21:04:23;-0.12751150, -0.11565830, -0.01472883, 0.98496030
21:04:23;-0.12400950, -0.11209830, -0.01590298, 0.98580040
21:04:24;-0.12178290, -0.11141710, -0.01680734, 0.98614030
21:04:24;-0.11987310, -0.11064230, -0.01766461, 0.98644650
21:04:24;-0.11920400, -0.10998860, -0.01807443, 0.98659320
21:04:24;-0.11743510, -0.10956070, -0.01847172, 0.98684560
21:04:24;-0.11535870, -0.10914930, -0.02014112, 0.98710330
21:04:24;-0.11418100, -0.10848480, -0.02033771, 0.98730960
21:04:24;-0.11316200, -0.10736870, -0.02079773, 0.98753920
21:04:24;-0.11265120, -0.10746650, -0.02074916, 0.98758800
21:04:24;-0.11231750, -0.10778360, -0.02098794, 0.98758640
21:04:24;-0.11237670, -0.10752440, -0.02109460, 0.98760570
21:04:25;-0.11154290, -0.10689210, -0.02160158, 0.98775780
21:04:25;-0.11070620, -0.10616790, -0.02261210, 0.98790750
21:04:25;-0.11034890, -0.10594960, -0.02319012, 0.98795750
21:04:25;-0.11023700, -0.10596980, -0.02303370, 0.98797150
21:04:25;-0.10957770, -0.10568360, -0.02344542, 0.98806580
21:04:25;-0.10958570, -0.10562820, -0.02359506, 0.98806730
21:04:25;-0.10946560, -0.10551700, -0.02377493, 0.98808810
21:04:25;-0.10865970, -0.10504390, -0.02377216, 0.98822760
21:04:25;-0.10781250, -0.10369150, -0.02474666, 0.98843930
21:04:25;-0.10654600, -0.10348610, -0.02423860, 0.98861070
21:04:26;-0.10820350, -0.10384120, -0.02399356, 0.98839940
21:04:26;-0.10865930, -0.10390180, -0.02344958, 0.98835610
21:04:26;-0.10920630, -0.10269360, -0.02399748, 0.98840880
21:04:26;-0.11000120, -0.10093260, -0.02434308, 0.98849370
21:04:26;-0.11154810, -0.09995547, -0.02515244, 0.98839930
21:04:26;-0.11329200, -0.09994880, -0.02604534, 0.98817840
21:04:26;-0.11404380, -0.09963080, -0.02584336, 0.98812950
21:04:26;-0.11442910, -0.09888481, -0.02564104, 0.98816510
21:04:26;-0.11558990, -0.09879143, -0.02543490, 0.98804470
21:04:26;-0.11573020, -0.09842759, -0.02607366, 0.98804790
21:04:27;-0.11586830, -0.09816847, -0.02676429, 0.98803910
21:04:27;-0.11665620, -0.10056660, -0.02816983, 0.98766610
21:04:27;-0.11969850, -0.10424890, -0.02886614, 0.98689980
21:04:27;-0.13163230, -0.12367420, -0.02741885, 0.98317130
21:04:27;-0.14885470, -0.15558270, -0.02389267, 0.97625070
21:04:27;-0.16643540, -0.19635510, -0.02310768, 0.96602800
21:04:27;-0.18277520, -0.22821750, -0.02827272, 0.95588210
21:04:27;-0.18590120, -0.25209380, -0.03113305, 0.94916810
21:04:27;-0.18760300, -0.26656280, -0.03011344, 0.94490350
21:04:27;-0.18843770, -0.27446230, -0.02979587, 0.94248280
21:04:28;-0.18687020, -0.27964500, -0.02873389, 0.94130370
21:04:28;-0.18562460, -0.27868650, -0.02550605, 0.94192720
21:04:28;-0.18358880, -0.27426200, -0.02391789, 0.94366490
21:04:28;-0.18026900, -0.26701340, -0.02390270, 0.94638020
21:04:28;-0.17480580, -0.24894860, -0.02287389, 0.95233630
21:04:28;-0.16563590, -0.23107660, -0.02069893, 0.95850920
21:04:28;-0.15156440, -0.20435500, -0.01317682, 0.96700240
21:04:28;-0.14543670, -0.17695410, -0.01370220, 0.97331790
21:04:28;-0.14310320, -0.16213410, -0.01331166, 0.97624630
21:04:28;-0.14078220, -0.15074870, -0.01231289, 0.97841880
21:04:29;-0.13798980, -0.13707030, -0.01164098, 0.98083380
21:04:29;-0.13558650, -0.12545730, -0.00898408, 0.98274920
21:04:29;-0.13314060, -0.11981380, -0.00856001, 0.98379110
21:04:29;-0.12594500, -0.10727220, -0.00868466, 0.98618220
21:04:29;-0.12711660, -0.09916039, -0.01349222, 0.98682650
21:04:29;-0.12613170, -0.09805819, -0.01420047, 0.98705300
21:04:29;-0.12575780, -0.09638725, -0.01564501, 0.98724350
21:04:29;-0.12623240, -0.09442363, -0.01669083, 0.98735550
21:04:29;-0.12552180, -0.09428060, -0.01736453, 0.98744810
21:04:29;-0.12506520, -0.09454955, -0.01748891, 0.98747820
21:04:30;-0.12346960, -0.09477539, -0.01718095, 0.98766280
21:04:30;-0.12163790, -0.09443664, -0.01817068, 0.98790480
21:04:30;-0.12062820, -0.09484927, -0.01839343, 0.98798490
21:04:30;-0.12025040, -0.09556428, -0.01813488, 0.98796680
21:04:30;-0.11954440, -0.09683315, -0.01809998, 0.98792960
21:04:30;-0.11944730, -0.09819952, -0.01846133, 0.98779980
21:04:30;-0.11912560, -0.09863646, -0.01869623, 0.98779070
21:04:30;-0.11796670, -0.09897510, -0.01871682, 0.98789550
21:04:30;-0.11773960, -0.09923919, -0.01958111, 0.98787920
21:04:30;-0.11728030, -0.09960625, -0.01958748, 0.98789690
21:04:31;-0.11700310, -0.10063390, -0.01922526, 0.98783270
21:04:31;-0.11682450, -0.10148280, -0.01925116, 0.98776650
21:04:31;-0.11701250, -0.10179830, -0.01976572, 0.98770150
21:04:31;-0.11705040, -0.10274110, -0.01998820, 0.98759500
21:04:31;-0.11693820, -0.10516770, -0.02039737, 0.98734450
21:04:31;-0.11705780, -0.10979280, -0.01989848, 0.98683690
21:04:31;-0.11644040, -0.11091730, -0.02076078, 0.98676650
21:04:31;-0.11455060, -0.11141390, -0.02062787, 0.98693440
21:04:31;-0.11474720, -0.11166190, -0.02055107, 0.98688510
21:04:31;-0.11322130, -0.11171520, -0.01944559, 0.98707780
21:04:32;-0.11452730, -0.11154090, -0.01974745, 0.98694090
21:04:32;-0.11487500, -0.11051640, -0.01881986, 0.98703370
21:04:32;-0.11536560, -0.10833990, -0.01992815, 0.98719610
21:04:32;-0.11600770, -0.10792710, -0.02036206, 0.98715720
21:04:32;-0.11648100, -0.10662450, -0.02087213, 0.98723240
21:04:32;-0.11720190, -0.10650140, -0.02050282, 0.98716800
21:04:32;-0.11893370, -0.10599720, -0.02056138, 0.98701400
21:04:32;-0.11882800, -0.10583550, -0.02019342, 0.98705170
21:04:32;-0.11926120, -0.10495900, -0.02089660, 0.98707840
21:04:32;-0.11958060, -0.10414920, -0.02096898, 0.98712400
21:04:33;-0.11928170, -0.10369830, -0.02168686, 0.98719210
21:04:33;-0.11768670, -0.10362040, -0.02149137, 0.98739590
21:04:33;-0.11677010, -0.10342050, -0.02205955, 0.98751320
21:04:33;-0.11477740, -0.10375790, -0.02155845, 0.98772250
21:04:33;-0.11410050, -0.10370560, -0.02173796, 0.98780240
21:04:33;-0.11353240, -0.10455100, -0.02197390, 0.98777360
21:04:33;-0.11236490, -0.10387830, -0.02206584, 0.98797600
21:04:33;-0.11187490, -0.10395880, -0.02210778, 0.98802210
21:04:33;-0.11146960, -0.10409780, -0.02188033, 0.98805840
21:04:33;-0.11130050, -0.10385670, -0.02272257, 0.98808390
21:04:34;-0.11010180, -0.10444780, -0.02272342, 0.98815570
21:04:34;-0.11043130, -0.10448800, -0.02239297, 0.98812230
21:04:34;-0.11011130, -0.10469960, -0.02229079, 0.98813800
21:04:34;-0.10967230, -0.10495100, -0.02212837, 0.98816380
21:04:34;-0.10948040, -0.10482020, -0.02259772, 0.98818830
21:04:34;-0.10955810, -0.10472100, -0.02245153, 0.98819350
21:04:34;-0.10854480, -0.10443460, -0.02294419, 0.98832430
21:04:34;-0.10826660, -0.10493310, -0.02298650, 0.98830100
21:04:34;-0.10857560, -0.10509260, -0.02239829, 0.98826370
21:04:34;-0.10834080, -0.10484170, -0.02263010, 0.98831090
21:04:35;-0.10741780, -0.10418090, -0.02241110, 0.98848650
21:04:35;-0.10376550, -0.10187970, -0.02107107, 0.98914570
21:04:35;-0.10065140, -0.09943691, -0.02082131, 0.98972120
21:04:35;-0.09671697, -0.09366782, -0.02409083, 0.99060170
21:04:35;-0.09829468, -0.08547451, -0.03163832, 0.99097490
21:04:35;-0.10104050, -0.08268648, -0.03352842, 0.99087320
21:04:35;-0.10835320, -0.07439153, -0.03263700, 0.99078760
21:04:35;-0.11014200, -0.05845875, -0.02818761, 0.99179480
21:04:35;-0.10368680, -0.03354178, -0.02837463, 0.99363910
21:04:35;-0.09860776, -0.00291362, -0.02806725, 0.99472610
21:04:36;-0.08018413, 0.07778692, -0.01966384, 0.99354570
21:04:36;-0.04066978, 0.13771350, -0.00868412, 0.98959870
21:04:36;-0.02411490, 0.15623020, -0.00738490, 0.98739860
21:04:36;-0.01787267, 0.17101840, -0.00342936, 0.98509980
21:04:36;-0.01812581, 0.17180390, -0.00324929, 0.98495890
21:04:36;-0.02377171, 0.17810830, 0.00258139, 0.98372040
21:04:36;-0.02535580, 0.18300020, 0.00444765, 0.98277580
21:04:36;-0.02889599, 0.18964160, 0.00295552, 0.98142360
21:04:36;-0.03314608, 0.19110020, 0.00279102, 0.98100670
21:04:36;-0.06351618, 0.19960290, 0.00936662, 0.97777130
21:04:37;-0.10256910, 0.21012430, 0.01860493, 0.97210140
21:04:37;-0.13648670, 0.23022840, 0.03494443, 0.96288380
21:04:37;-0.16231630, 0.24380860, 0.05177758, 0.95474080
21:04:37;-0.16860350, 0.24267700, 0.05831056, 0.95356210
21:04:37;-0.15403550, 0.21584250, 0.07467841, 0.96130550
21:04:37;-0.13835730, 0.19299530, 0.08460953, 0.96770420
21:04:37;-0.10698710, 0.15407000, 0.07710471, 0.97921960
21:04:37;-0.08151352, 0.13351040, 0.07094163, 0.98513850
21:04:37;-0.05876267, 0.10912270, 0.05638915, 0.99068640
21:04:37;-0.06960469, 0.09776676, 0.04849145, 0.99158730
21:04:38;-0.10290190, 0.08670109, 0.04655764, 0.98981120
21:04:38;-0.10416190, 0.07615001, 0.02311791, 0.99137120
21:04:38;-0.09371798, 0.06630129, 0.01801633, 0.99322520
21:04:38;-0.10140130, 0.05608002, 0.01065582, 0.99320660
21:04:38;-0.10381970, 0.04087034, 0.00267058, 0.99375250
21:04:38;-0.10471310, 0.03668048, -0.00121788, 0.99382500
21:04:38;-0.10149230, 0.02922895, -0.00657073, 0.99438520
21:04:38;-0.10334200, 0.02273954, -0.00752856, 0.99435730
21:04:38;-0.10882050, 0.01922985, -0.00504849, 0.99386260
21:04:38;-0.10280290, 0.01982427, -0.01076165, 0.99444590
21:04:39;-0.10811550, 0.02256306, -0.01397966, 0.99378400
21:04:39;-0.10131420, 0.01517460, -0.01543249, 0.99461900
21:04:39;-0.09521746, 0.00931173, -0.01450614, 0.99530730
21:04:39;-0.09532797, 0.00245650, -0.01060739, 0.99538640
21:04:39;-0.10167190, -0.00003165, -0.00635554, 0.99479760
21:04:39;-0.11049600, -0.00449080, -0.00775539, 0.99383620
21:04:39;-0.09830392, -0.01487044, -0.01606743, 0.99491560
21:04:39;-0.10517560, -0.03212063, -0.01640988, 0.99379930
21:04:39;-0.11395530, -0.07575598, -0.01955236, 0.99040040
21:04:39;-0.11063230, -0.08834679, -0.01788375, 0.98976540
21:04:40;-0.10661010, -0.09040923, -0.01952471, 0.98998950
21:04:40;-0.11501530, -0.09663093, -0.01625880, 0.98851890
21:04:40;-0.11218010, -0.09039097, -0.01542929, 0.98944780
21:04:40;-0.12812760, -0.08695261, -0.01518359, 0.98782190
21:04:40;-0.13565200, -0.08704624, -0.01646378, 0.98678790
21:04:40;-0.13533570, -0.08685885, -0.02019083, 0.98677860
21:04:40;-0.14578120, -0.10029700, -0.02528024, 0.98389490
21:04:40;-0.14664530, -0.10807450, -0.03144556, 0.98276460
21:04:40;-0.14387340, -0.12425640, -0.04632792, 0.98067050
21:04:40;-0.14827670, -0.14321930, -0.03681663, 0.97782760
21:04:41;-0.16238920, -0.16106120, -0.03771058, 0.97276250
21:04:41;-0.15462130, -0.16564460, -0.04095243, 0.97312750
21:04:41;-0.16717440, -0.17056100, -0.03501859, 0.97043050
21:04:41;-0.21250300, -0.19547340, -0.02206559, 0.95715490
21:04:41;-0.20469100, -0.22732010, -0.02550374, 0.95172290
21:04:41;-0.22929950, -0.27414560, -0.01934284, 0.93375150
21:04:41;-0.24715380, -0.29187750, -0.02035426, 0.92374680
21:04:41;-0.26646510, -0.28964400, -0.02952257, 0.91882050
21:04:41;-0.26973860, -0.28344720, -0.03200152, 0.91971450
21:04:41;-0.26923890, -0.26658950, -0.03236780, 0.92487450
21:04:42;-0.26694320, -0.23873910, -0.04387290, 0.93264150
21:04:42;-0.29424570, -0.19343630, -0.04669327, 0.93478420
21:04:42;-0.26425900, -0.16252230, -0.04854074, 0.94941940
21:04:42;-0.25825750, -0.12424520, -0.05347838, 0.95655960
21:04:42;-0.25726800, -0.09577918, -0.03064547, 0.96109340
21:04:42;-0.21173670, -0.04674827, -0.01817686, 0.97603890
21:04:42;-0.18510330, -0.01762437, -0.00206626, 0.98255880
21:04:42;-0.14462480, -0.00187602, 0.04265816, 0.98856470
21:04:42;-0.14050430, -0.01263582, 0.04866754, 0.98880250
21:04:42;-0.12475160, -0.01606175, 0.05127158, 0.99073220
21:04:43;-0.11225760, -0.02321370, 0.04285429, 0.99248320
21:04:43;-0.12372960, -0.02825685, 0.04672686, 0.99081240
21:04:43;-0.13381660, -0.02637720, 0.04675109, 0.98955130
21:04:43;-0.15382230, -0.01976207, 0.04175974, 0.98701790
21:04:43;-0.15740950, -0.02308715, 0.03887957, 0.98649760
21:04:43;-0.15467950, -0.02746400, 0.03400844, 0.98699720
21:04:43;-0.15484830, -0.02875049, 0.03459609, 0.98691360
21:04:43;-0.15175740, -0.02760795, 0.03518462, 0.98740550
21:04:43;-0.14657770, -0.02851532, 0.03297999, 0.98823790
21:04:43;-0.14624650, -0.02897112, 0.03234878, 0.98829460
21:04:44;-0.14920570, -0.02840655, 0.03221783, 0.98787280
21:04:44;-0.15076750, -0.02849244, 0.03061688, 0.98768410
21:04:44;-0.15254790, -0.03086212, 0.02889100, 0.98739140
21:04:44;-0.15172080, -0.03096581, 0.02974029, 0.98749050
21:04:44;-0.15085720, -0.03060475, 0.02954651, 0.98763990
21:04:44;-0.14913980, -0.03128791, 0.02821950, 0.98791810
21:04:44;-0.14927180, -0.03126526, 0.02741436, 0.98792150
21:04:44;-0.14842460, -0.03050919, 0.02708750, 0.98808180
21:04:44;-0.14817010, -0.03131905, 0.02646108, 0.98811160
21:04:44;-0.14972210, -0.03337172, 0.02556942, 0.98783390
21:04:45;-0.14952970, -0.03407650, 0.02480356, 0.98785850
21:04:45;-0.14862610, -0.03407686, 0.02201684, 0.98806090
21:04:45;-0.14934550, -0.03474721, 0.02238893, 0.98792070
21:04:45;-0.14843230, -0.03598193, 0.02275426, 0.98800580
21:04:45;-0.14740690, -0.03654185, 0.02291213, 0.98813510
21:04:45;-0.14793940, -0.03720784, 0.02307579, 0.98802690
21:04:45;-0.14579800, -0.03644193, 0.02352585, 0.98836300
21:04:45;-0.14437040, -0.03595920, 0.02286190, 0.98860570
21:04:45;-0.14414000, -0.03615560, 0.02229574, 0.98864520
21:04:45;-0.14273350, -0.03542420, 0.02237474, 0.98887400
21:04:46;-0.14138640, -0.03408146, 0.02200031, 0.98912300
21:04:46;-0.14191610, -0.03387222, 0.02159593, 0.98906310
21:04:46;-0.14243320, -0.03426955, 0.02123989, 0.98898290
21:04:46;-0.14194390, -0.03422229, 0.02098669, 0.98906030
21:04:46;-0.14244080, -0.03455600, 0.02135815, 0.98896930
21:04:46;-0.14180370, -0.03480031, 0.02175703, 0.98904350
21:04:46;-0.14186430, -0.03547846, 0.02086464, 0.98903010
21:04:46;-0.14152280, -0.03676350, 0.02118511, 0.98902520
21:04:46;-0.14046720, -0.03740389, 0.02093717, 0.98915690
21:04:46;-0.13961990, -0.03843639, 0.02149084, 0.98922540
21:04:47;-0.14131430, -0.03983624, 0.02174581, 0.98892390
21:04:47;-0.14117350, -0.03979091, 0.02176170, 0.98894550
21:04:47;-0.14108870, -0.04133376, 0.02210505, 0.98888660
21:04:47;-0.14095400, -0.04195836, 0.02284912, 0.98886270
21:04:47;-0.14078690, -0.04236650, 0.02319875, 0.98886080
21:04:47;-0.14007370, -0.04395667, 0.02257665, 0.98890730
21:04:47;-0.14042470, -0.04493276, 0.02288442, 0.98880650
21:04:47;-0.14023660, -0.04543937, 0.02287599, 0.98881010
21:04:47;-0.14002780, -0.04530903, 0.02299247, 0.98884300
21:04:47;-0.14157800, -0.04698654, 0.02365977, 0.98852820
21:04:48;-0.14286440, -0.04855184, 0.02386639, 0.98826260
21:04:48;-0.14178800, -0.04807525, 0.02329384, 0.98845450
21:04:48;-0.14161040, -0.04744399, 0.02246561, 0.98852960
21:04:48;-0.14079480, -0.04716599, 0.02233218, 0.98866250
21:04:48;-0.13786210, -0.04672446, 0.02154979, 0.98911400
21:04:48;-0.13798340, -0.04760230, 0.02077863, 0.98907160
21:04:48;-0.13799890, -0.04825205, 0.02169514, 0.98901830
21:04:48;-0.13761660, -0.04793524, 0.02176476, 0.98908560
21:04:48;-0.13711140, -0.04783573, 0.02182009, 0.98915930
21:04:48;-0.13750410, -0.04852200, 0.02212601, 0.98906460
21:04:49;-0.13723090, -0.04851170, 0.02309395, 0.98908080
21:04:49;-0.13681760, -0.04836765, 0.02264664, 0.98915550
21:04:49;-0.13776000, -0.04925376, 0.02299787, 0.98897280
21:04:49;-0.13764960, -0.04905423, 0.02358412, 0.98898430
21:04:49;-0.13785120, -0.04916989, 0.02401481, 0.98894020
21:04:49;-0.13810890, -0.04936774, 0.02403949, 0.98889370
21:04:49;-0.13775120, -0.04922535, 0.02452507, 0.98893880
21:04:49;-0.13781590, -0.04977081, 0.02294041, 0.98894050
21:04:49;-0.13943280, -0.05008179, 0.02311872, 0.98869400
21:04:49;-0.14127140, -0.04963194, 0.02366863, 0.98844270
21:04:50;-0.14126230, -0.05054775, 0.02376569, 0.98839520
21:04:50;-0.14116610, -0.05071614, 0.02418390, 0.98839020
21:04:50;-0.14155140, -0.05054954, 0.02486267, 0.98832680
21:04:50;-0.14208210, -0.05119808, 0.02491436, 0.98821590
21:04:50;-0.14383160, -0.05091302, 0.02403396, 0.98799930
21:04:50;-0.14510760, -0.05167630, 0.02075023, 0.98784740
21:04:50;-0.14703850, -0.05383085, 0.02194298, 0.98742100
21:04:50;-0.14824900, -0.05542471, 0.02320471, 0.98712300
21:04:50;-0.14852720, -0.05567958, 0.02370870, 0.98705480
21:04:50;-0.15015510, -0.05594097, 0.02414513, 0.98678320
21:04:51;-0.15297650, -0.05673688, 0.02163832, 0.98636250
21:04:51;-0.15398290, -0.05739736, 0.02269953, 0.98614380
21:04:51;-0.15904630, -0.06191768, 0.01852206, 0.98515350
21:04:51;-0.16351900, -0.07506643, 0.01402521, 0.98358010
21:04:51;-0.18131240, -0.10667610, 0.01483999, 0.97750990
21:04:51;-0.19304790, -0.12547800, 0.01446607, 0.97302540
21:04:51;-0.21640960, -0.15741820, 0.01846824, 0.96335100
21:04:51;-0.23797260, -0.19619140, 0.01213382, 0.95117340
21:04:51;-0.25028910, -0.22780990, 0.01062869, 0.94092770
21:04:51;-0.25586310, -0.25102480, 0.00982570, 0.93350090
21:04:52;-0.25772910, -0.26460380, 0.01136896, 0.92921010
21:04:52;-0.25772510, -0.27207710, 0.01129311, 0.92705140
21:04:52;-0.25685330, -0.27224300, 0.01382924, 0.92721030
21:04:52;-0.25350360, -0.26622270, 0.01246362, 0.92989570
21:04:52;-0.24903050, -0.25860560, 0.00948874, 0.93328290
21:04:52;-0.24289680, -0.24893850, 0.00757306, 0.93753580
21:04:52;-0.23319750, -0.22912820, 0.01458673, 0.94493720
21:04:52;-0.22956200, -0.20298400, 0.00804586, 0.95185830
21:04:52;-0.22483660, -0.17908920, 0.00386867, 0.95778940
21:04:52;-0.20682620, -0.11280770, 0.01056445, 0.97179510
21:04:53;-0.19422080, 0.00048692, 0.03530312, 0.98032220
21:04:53;-0.19358950, 0.05686436, 0.05797485, 0.97771600
21:04:53;-0.17168900, 0.15142440, 0.10543300, 0.96771770
21:04:53;-0.15773100, 0.20490370, 0.13694750, 0.95623260
21:04:53;-0.15287010, 0.22163720, 0.14884470, 0.95150040
21:04:53;-0.14880080, 0.21581090, 0.14726300, 0.95372830
21:04:53;-0.14910810, 0.20793360, 0.14353730, 0.95599560
21:04:53;-0.14943320, 0.19353540, 0.13603160, 0.96005680
21:04:53;-0.15539430, 0.17666050, 0.13717530, 0.96219890
21:04:53;-0.15457400, 0.17648640, 0.13873240, 0.96213970
21:04:54;-0.15377020, 0.18224930, 0.14150940, 0.96078880
21:04:54;-0.15335720, 0.19246880, 0.14536540, 0.95828290
21:04:54;-0.14941770, 0.19748270, 0.14358510, 0.95815350
21:04:54;-0.14515230, 0.19869550, 0.14193060, 0.95880480
21:04:54;-0.14295580, 0.19817530, 0.14361960, 0.95899090
21:04:54;-0.13977830, 0.19926150, 0.14394810, 0.95918500
21:04:54;-0.13902420, 0.19880690, 0.14304300, 0.95952420
21:04:54;-0.13897350, 0.19760170, 0.14315640, 0.95976350
21:04:54;-0.13844500, 0.19686890, 0.14179010, 0.96019330
21:04:54;-0.13948460, 0.19495530, 0.14166550, 0.96045150
21:04:55;-0.13954170, 0.19256820, 0.14227230, 0.96083520
21:04:55;-0.13673000, 0.19263230, 0.14215150, 0.96124430
21:04:55;-0.13562050, 0.18928150, 0.14102630, 0.96223240
21:04:55;-0.13721170, 0.18810720, 0.14158600, 0.96215480
21:04:55;-0.13495130, 0.18897390, 0.14141880, 0.96232930
21:04:55;-0.13615110, 0.18771100, 0.14023280, 0.96258100
21:04:55;-0.13615590, 0.18759750, 0.14015810, 0.96261330
21:04:55;-0.13591670, 0.18740010, 0.13994360, 0.96271680
21:04:55;-0.13664010, 0.18664360, 0.13976650, 0.96278710
21:04:55;-0.13693980, 0.18490540, 0.13959280, 0.96310500
21:04:56;-0.13830730, 0.18417110, 0.13958520, 0.96305140
21:04:56;-0.13936830, 0.18399050, 0.13998530, 0.96287490
21:04:56;-0.13917720, 0.18414890, 0.13921790, 0.96298350
21:04:56;-0.13972540, 0.18406240, 0.13823770, 0.96306190
21:04:56;-0.14010510, 0.18443200, 0.13797570, 0.96297350
21:04:56;-0.14073520, 0.18383870, 0.13774070, 0.96302880
21:04:56;-0.14093160, 0.18301480, 0.13775480, 0.96315500
21:04:56;-0.14101180, 0.18278690, 0.13774930, 0.96318730
21:04:56;-0.14149490, 0.18282150, 0.13756650, 0.96313600
21:04:56;-0.14117070, 0.18263170, 0.13680080, 0.96332860
21:04:57;-0.14184180, 0.18166790, 0.13698440, 0.96338610
21:04:57;-0.14170900, 0.18094830, 0.13727860, 0.96349930
21:04:57;-0.14122350, 0.17928010, 0.13913960, 0.96361540
21:04:57;-0.14080430, 0.17883340, 0.13918260, 0.96375360
21:04:57;-0.14151370, 0.17750790, 0.14033830, 0.96372710
21:04:57;-0.14194710, 0.17737030, 0.14070130, 0.96363580
21:04:57;-0.14176090, 0.17627010, 0.14059890, 0.96388000
21:04:57;-0.14183120, 0.17576520, 0.14090570, 0.96391700
21:04:57;-0.14177930, 0.17595740, 0.14099370, 0.96387680
21:04:57;-0.14162460, 0.17478450, 0.14041020, 0.96419810
21:04:58;-0.14160310, 0.17337940, 0.13956040, 0.96457810
21:04:58;-0.15053580, 0.15838260, 0.13544610, 0.96638930
21:04:58;-0.16293360, 0.14213590, 0.13180630, 0.96740740
21:04:58;-0.16772450, 0.11558900, 0.12454360, 0.97108000
21:04:58;-0.17098220, 0.10320180, 0.11989770, 0.97249110
21:04:58;-0.17099540, 0.10024600, 0.11846410, 0.97297360
21:04:58;-0.16941060, 0.09759246, 0.11529940, 0.97390020
21:04:58;-0.16858760, 0.09555648, 0.11251320, 0.97457060
21:04:58;-0.17022480, 0.09165792, 0.10878540, 0.97508350
21:04:58;-0.17233040, 0.08514275, 0.10402800, 0.97582330
21:04:59;-0.17253740, 0.08233201, 0.10180480, 0.97626230
21:04:59;-0.17927900, 0.07565802, 0.09464975, 0.97630740
21:04:59;-0.17757490, 0.07389612, 0.09179700, 0.97702600
21:04:59;-0.17929430, 0.07270094, 0.08836716, 0.97711790
21:04:59;-0.17975550, 0.06966530, 0.08445602, 0.97760000
21:04:59;-0.18960110, 0.06602158, 0.08303446, 0.97611370
21:04:59;-0.19558870, 0.06401390, 0.08353055, 0.97502300
21:04:59;-0.19400680, 0.06293670, 0.08228382, 0.97551500
21:04:59;-0.18812550, 0.06485564, 0.07945506, 0.97677510
21:04:59;-0.18701500, 0.06450401, 0.07863303, 0.97707800
21:05:00;-0.18740770, 0.06255709, 0.07843326, 0.97714540
21:05:00;-0.18538870, 0.06316027, 0.07883859, 0.97745910
21:05:00;-0.18511070, 0.06367915, 0.07790373, 0.97755310
21:05:00;-0.18368710, 0.06391627, 0.07812177, 0.97778860
21:05:00;-0.18250420, 0.06423427, 0.07848661, 0.97796010
21:05:00;-0.18182430, 0.06412242, 0.07897063, 0.97805510
21:05:00;-0.17241430, 0.06957375, 0.08007929, 0.97929570
21:05:00;-0.15992570, 0.08550944, 0.07231337, 0.98075620
21:05:00;-0.16067430, 0.08731560, 0.07202331, 0.98049600
21:05:00;-0.15913460, 0.08757836, 0.07103118, 0.98079600
21:05:01;-0.15678290, 0.08883824, 0.07003719, 0.98113290
21:05:01;-0.15525760, 0.08941705, 0.06912102, 0.98138780
21:05:01;-0.15607620, 0.08928683, 0.06947499, 0.98124470
21:05:01;-0.15660200, 0.08935302, 0.06952731, 0.98115120
21:05:01;-0.15536440, 0.08874997, 0.06897015, 0.98144200
21:05:01;-0.15558420, 0.08745410, 0.06928201, 0.98150160
21:05:01;-0.15440350, 0.08757986, 0.06960209, 0.98165420
21:05:01;-0.15321460, 0.08885739, 0.06930107, 0.98174690
21:05:01;-0.15467060, 0.08793274, 0.06876869, 0.98163920
21:05:01;-0.15428940, 0.08794515, 0.06799828, 0.98175170
21:05:02;-0.15534800, 0.08625763, 0.06791186, 0.98174060
21:05:02;-0.15584300, 0.08568947, 0.06815190, 0.98169530
21:05:02;-0.15617020, 0.08558060, 0.06837279, 0.98163740
21:05:02;-0.15659830, 0.08417276, 0.06730381, 0.98176480
21:05:02;-0.15605720, 0.08368065, 0.06692095, 0.98191920
21:05:02;-0.15630510, 0.08253219, 0.06606495, 0.98203490
21:05:02;-0.15558590, 0.08283666, 0.06561720, 0.98215350
21:05:02;-0.15486230, 0.08258409, 0.06608913, 0.98225750
21:05:02;-0.15459580, 0.08198231, 0.06631433, 0.98233470
21:05:02;-0.15445360, 0.08113533, 0.06667583, 0.98240290
21:05:03;-0.15384290, 0.08079679, 0.06707833, 0.98249920
21:05:03;-0.15230080, 0.08117574, 0.06632253, 0.98275950
21:05:03;-0.15107700, 0.08100146, 0.06628557, 0.98296530
21:05:03;-0.14870020, 0.08135328, 0.06439801, 0.98342400
21:05:03;-0.14812260, 0.07998272, 0.06374412, 0.98366620
21:05:03;-0.14657030, 0.07874435, 0.06281722, 0.98405810
21:05:03;-0.14106830, 0.06290531, 0.05816786, 0.98628540
21:05:03;-0.13884300, 0.01122887, 0.03658686, 0.98957460
21:05:03;-0.13961350, -0.01924568, 0.02629863, 0.98966970
21:05:03;-0.14466800, -0.06317147, 0.02047921, 0.98724930
21:05:04;-0.14829180, -0.10156880, 0.01208006, 0.98363990
21:05:04;-0.14625010, -0.15344230, 0.00634730, 0.97725430
21:05:04;-0.14273350, -0.18154670, -0.00000972, 0.97296860
21:05:04;-0.14592620, -0.23535820, -0.00649364, 0.96086940
21:05:04;-0.15258420, -0.26661550, -0.00744110, 0.95161910
21:05:04;-0.15867630, -0.26928690, -0.00563829, 0.94988140
21:05:04;-0.15727660, -0.26404890, -0.00549054, 0.95158400
21:05:04;-0.15731250, -0.26366890, -0.01062935, 0.95163990
21:05:04;-0.15488010, -0.26515250, -0.01155433, 0.95161590
21:05:04;-0.15325250, -0.26649080, -0.01296976, 0.95148720
21:05:05;-0.14682060, -0.25728350, -0.01163865, 0.95504630
21:05:05;-0.13849860, -0.23962470, -0.00985393, 0.96088560
21:05:05;-0.13022130, -0.20019210, -0.00988117, 0.97101380
21:05:05;-0.13176130, -0.17617990, -0.00281086, 0.97549550
21:05:05;-0.13438370, -0.13189060, 0.01741662, 0.98195850
21:05:05;-0.13845790, -0.09413555, 0.02767279, 0.98549580
21:05:05;-0.12662010, -0.06541409, 0.03734687, 0.98908720
21:05:05;-0.15556760, -0.03418100, 0.04713108, 0.98610800
21:05:05;-0.17539660, -0.02810818, 0.04299976, 0.98315660
21:05:05;-0.19641570, -0.01472087, 0.02744170, 0.98002610
21:05:06;-0.25262920, 0.00105682, 0.01523041, 0.96744260
21:05:06;-0.26304550, 0.01410412, 0.01456944, 0.96457020
21:05:06;-0.27773780, 0.04675075, 0.00614515, 0.95949900
21:05:06;-0.27408030, 0.08944483, -0.00633962, 0.95751730
21:05:06;-0.26297800, 0.11169140, -0.00645005, 0.95829330
21:05:06;-0.23021310, 0.13334520, 0.01660208, 0.96381810
21:05:06;-0.19240700, 0.15067980, 0.02574340, 0.96933610
21:05:06;-0.19127920, 0.15777430, 0.03524580, 0.96813070
21:05:06;-0.17127300, 0.14043110, 0.04468917, 0.97413940
21:05:06;-0.14992850, 0.11657680, 0.02481928, 0.98148630
21:05:07;-0.13633510, 0.10481010, 0.02070783, 0.98488520
21:05:07;-0.11079550, 0.09812248, 0.01283436, 0.98890420
21:05:07;-0.12106930, 0.10483890, 0.00593654, 0.98707440
21:05:07;-0.14717760, 0.09641114, -0.01702033, 0.98425300
21:05:07;-0.13581280, 0.06305865, -0.01844091, 0.98855380
21:05:07;-0.14426550, 0.05250682, -0.02310804, 0.98787470
21:05:07;-0.18657950, 0.03194055, -0.03172054, 0.98140790
21:05:07;-0.19445850, 0.01383800, -0.03404819, 0.98022200
21:05:07;-0.18760140, -0.01104662, -0.03889674, 0.98141260
21:05:07;-0.18534940, -0.00692354, -0.04452729, 0.98163880
21:05:08;-0.17845530, -0.00679670, -0.03927099, 0.98314050
21:05:08;-0.18682580, -0.00846398, -0.03171674, 0.98184450
21:05:08;-0.18850800, -0.01443792, -0.03256577, 0.98142530
21:05:08;-0.19918960, -0.00843539, -0.04646425, 0.97882250
21:05:08;-0.19560940, 0.01487683, -0.03149156, 0.98006330
21:05:08;-0.18640280, 0.00705327, -0.02495775, 0.98213110
21:05:08;-0.18864530, -0.00141597, -0.03650430, 0.98136560
21:05:08;-0.18547250, -0.01625746, -0.03736300, 0.98180420
21:05:08;-0.18586030, -0.01728639, -0.03263763, 0.98188190
21:05:08;-0.17066690, -0.01119527, -0.03487392, 0.98464780
21:05:09;-0.14302370, 0.00345428, -0.02261639, 0.98945470
21:05:09;-0.12826320, 0.00003465, 0.00590254, 0.99172260
21:05:09;-0.13111320, -0.00432440, 0.00770708, 0.99132800
21:05:09;-0.13061200, -0.00554330, 0.00525117, 0.99140410
21:05:09;-0.11185130, -0.00546132, -0.00404211, 0.99370180
21:05:09;-0.10845120, -0.00507669, -0.00523733, 0.99407490
21:05:09;-0.10802710, -0.00248436, -0.00602109, 0.99412660
21:05:09;-0.10291720, 0.00279560, -0.01596589, 0.99455790
21:05:09;-0.10344620, 0.00411357, -0.02283344, 0.99436440
21:05:09;-0.10226370, 0.00306195, -0.02863915, 0.99434020
21:05:10;-0.09691786, 0.00203430, -0.02631233, 0.99494240
21:05:10;-0.10489610, 0.00640226, -0.03382521, 0.99388710
21:05:10;-0.10678910, 0.00620917, -0.03728546, 0.99356290
21:05:10;-0.10218540, 0.00697157, -0.04202271, 0.99385290
21:05:10;-0.09917008, 0.00636563, -0.04375831, 0.99408750
21:05:10;-0.09922381, 0.00468991, -0.04210753, 0.99416270
21:05:10;-0.10035460, 0.00364586, -0.04076843, 0.99410950
21:05:10;-0.10002300, 0.00496970, -0.04000868, 0.99416800
21:05:10;-0.09879094, 0.00489145, -0.03930502, 0.99431960
21:05:10;-0.09951017, 0.00360224, -0.03662005, 0.99435590
21:05:11;-0.09843916, 0.00340176, -0.03542877, 0.99450640
21:05:11;-0.09872984, 0.00345973, -0.03306379, 0.99455880
21:05:11;-0.11985000, 0.01391175, -0.01831220, 0.99252560
21:05:11;-0.13295200, 0.02302092, -0.01395348, 0.99075680
21:05:11;-0.14787080, 0.03449327, -0.01737476, 0.98825230
21:05:11;-0.14604680, 0.04162987, -0.03004735, 0.98794450
21:05:11;-0.15294400, 0.04843665, -0.02755586, 0.98666240
21:05:11;-0.16527790, 0.05097139, -0.02885910, 0.98450600
21:05:11;-0.19576620, 0.05979012, -0.01887229, 0.97864430
21:05:11;-0.22067050, 0.09633212, -0.00305845, 0.97057470
21:05:12;-0.25280450, 0.15251230, 0.01800884, 0.95525160
21:05:12;-0.25864860, 0.16609980, 0.02343430, 0.95129530
21:05:12;-0.26117110, 0.16410790, 0.02409107, 0.95093530
21:05:12;-0.23552480, 0.16675280, 0.00916247, 0.95741190
21:05:12;-0.22571320, 0.17448000, 0.00600437, 0.95842270
21:05:12;-0.16708170, 0.18100340, -0.01309649, 0.96909750
21:05:12;-0.11873740, 0.18376650, -0.04825323, 0.97457830
21:05:12;-0.07564616, 0.18541950, -0.07314093, 0.97700950
21:05:12;-0.09154104, 0.19846600, -0.04446550, 0.97480990
21:05:12;-0.08304676, 0.18705880, -0.05805680, 0.97710880
21:05:13;-0.08040795, 0.16779590, -0.04572666, 0.98147240
21:05:13;-0.08196264, 0.13446560, -0.04448425, 0.98652030
21:05:13;-0.08030511, 0.13168660, -0.04782283, 0.98687520
21:05:13;-0.05901733, 0.12593640, -0.03504591, 0.98966100
21:05:13;-0.04776586, 0.12234930, -0.03294156, 0.99078950
21:05:13;-0.04331732, 0.11362490, -0.03286911, 0.99203460
21:05:13;-0.04652022, 0.10271090, -0.03786127, 0.99290130
21:05:13;-0.07003472, 0.09275413, -0.04459550, 0.99222130
21:05:13;-0.10664630, 0.06820480, -0.01328679, 0.99186600
21:05:13;-0.08518609, 0.06349985, -0.02443393, 0.99403930
21:05:14;-0.11025710, 0.05964002, -0.02828276, 0.99170890
21:05:14;-0.10755450, 0.06279381, -0.02753141, 0.99183210
21:05:14;-0.10932890, 0.06254959, -0.02510314, 0.99171800
21:05:14;-0.10849860, 0.05784690, -0.02849575, 0.99200300
21:05:14;-0.10356960, 0.06216520, -0.03427960, 0.99208550
21:05:14;-0.10425780, 0.06554502, -0.03613727, 0.99173000
21:05:14;-0.11256990, 0.06073560, -0.02784589, 0.99139490
21:05:14;-0.10555290, 0.05994936, -0.02371187, 0.99232170
21:05:14;-0.10357470, 0.05882126, -0.02833219, 0.99247650
21:05:14;-0.09762969, 0.05147571, -0.02077444, 0.99367360
21:05:15;-0.09392074, 0.05423329, -0.02530241, 0.99377940
21:05:15;-0.10473300, 0.05556040, -0.02209974, 0.99270120
21:05:15;-0.09302168, 0.06720895, -0.02971200, 0.99294870
21:05:15;-0.11543280, 0.05969677, -0.03046058, 0.99105170
21:05:15;-0.12968430, 0.05590157, -0.02921237, 0.98954720
21:05:15;-0.15187360, 0.06567638, -0.02551293, 0.98588550
21:05:15;-0.17047450, 0.05929997, -0.00306979, 0.98357140
21:05:15;-0.17865480, 0.05251390, -0.00142986, 0.98250830
21:05:15;-0.20650020, 0.03928839, 0.01534392, 0.97753700
21:05:15;-0.21526980, 0.03654974, 0.01445421, 0.97576330
21:05:16;-0.21192540, 0.04058220, 0.02980861, 0.97598780
21:05:16;-0.22334880, 0.04237635, 0.03945376, 0.97301750
21:05:16;-0.20067460, 0.05330933, 0.03337397, 0.97763690
21:05:16;-0.19892530, 0.05302201, 0.03150732, 0.97807190
21:05:16;-0.19539900, 0.05691611, 0.03364270, 0.97849270
21:05:16;-0.18226010, 0.06205171, 0.03293205, 0.98073760
21:05:16;-0.15278890, 0.06603073, 0.04346382, 0.98509200
21:05:16;-0.06630552, 0.07315557, 0.03953612, 0.99432830
21:05:16;-0.05751026, 0.06482199, 0.04395771, 0.99526800
21:05:16;-0.05025917, 0.02033808, 0.05520845, 0.99700170
21:05:17;-0.01245998, 0.01805450, 0.04004090, 0.99895730
21:05:17;0.00066656, -0.02679568, 0.04351347, 0.99869320
21:05:17;0.01311525, -0.05629446, 0.01980613, 0.99813160
21:05:17;0.00937497, -0.07697195, 0.00480916, 0.99697750
21:05:17;0.04585865, -0.07701063, -0.01372062, 0.99588060
21:05:17;0.03084958, -0.08896349, -0.02366381, 0.99527570
21:05:17;0.03082594, -0.09947640, -0.02990910, 0.99411250
21:05:17;0.03400578, -0.10786890, -0.02759781, 0.99320000
21:05:17;0.04611467, -0.11181790, -0.03491095, 0.99204400
21:05:17;0.06511877, -0.12111830, -0.04228491, 0.98959680
21:05:18;0.09483998, -0.12482450, -0.05349161, 0.98618590
21:05:18;0.09433334, -0.13090020, -0.05332989, 0.98545540
21:05:18;0.09614372, -0.12702140, -0.05098195, 0.98591210
21:05:18;0.09123441, -0.12558600, -0.04502852, 0.98685190
21:05:18;0.10060800, -0.13660260, -0.04799531, 0.98433440
21:05:18;0.09410734, -0.15217280, -0.05095069, 0.98254330
21:05:18;0.09351067, -0.20905990, -0.06831480, 0.97102150
21:05:18;0.14983810, -0.22438910, -0.07335921, 0.96011280
21:05:18;0.25442320, -0.16706680, -0.03832364, 0.95178190
21:05:18;0.31140300, -0.14796760, -0.01342082, 0.93859120
21:05:19;0.45394320, -0.05395329, 0.02410495, 0.88906890
21:05:19;0.50468800, 0.09221654, 0.08957459, 0.85367590
21:05:19;0.43649230, 0.05974935, 0.31730600, 0.83977450
21:05:19;0.55736060, 0.25390660, 0.23652390, 0.75427920
21:05:19;0.54984250, 0.14922250, 0.25793740, 0.78030390
21:05:19;0.59984040, -0.02311305, 0.16066730, 0.78348140
21:05:19;0.63804690, -0.11251950, 0.08001053, 0.75751830
21:05:19;0.65301830, -0.18330380, 0.00669065, 0.73479390
21:05:19;0.60424540, -0.19476900, -0.06709286, 0.76970840
21:05:19;0.58629170, -0.20057490, -0.05517747, 0.78293490
21:05:20;0.61550560, -0.15035070, -0.01255064, 0.77355670
21:05:20;0.64669160, -0.14165790, 0.01966025, 0.74922390
21:05:20;0.62854180, -0.12095650, 0.01497433, 0.76816700
21:05:20;0.55884980, -0.12753780, 0.00016880, 0.81940280
21:05:20;0.43502990, -0.13376360, -0.01371423, 0.89031920
21:05:20;0.35543420, -0.13437150, -0.01627560, 0.92484920
21:05:20;0.26887360, -0.13302480, -0.02623823, 0.95358430
21:05:20;0.21788850, -0.13225630, -0.03647029, 0.96628300
21:05:20;0.12414940, -0.14096670, -0.04563500, 0.98113850
21:05:20;0.07589719, -0.14350230, -0.04092261, 0.98588650
21:05:21;0.17295720, -0.17487800, -0.02575003, 0.96893780
21:05:21;0.19064790, -0.17984260, -0.01043946, 0.96498760
21:05:21;0.22424160, -0.17130000, -0.03268084, 0.95880340
21:05:21;0.22846930, -0.14801090, -0.00361747, 0.96222730
21:05:21;0.25274260, -0.16077890, 0.00710906, 0.95405480
21:05:21;0.24953040, -0.16951000, 0.01510139, 0.95329580
21:05:21;0.25966420, -0.16514900, 0.01599417, 0.95133830
21:05:21;0.25771730, -0.17219160, 0.00894186, 0.95071130
21:05:21;0.23122710, -0.16013800, -0.01404008, 0.95952740
21:05:21;0.22034910, -0.17603850, -0.00604818, 0.95938520
21:05:22;0.20569640, -0.20342130, -0.01326867, 0.95714820
21:05:22;0.21804760, -0.20379860, -0.01918352, 0.95422920
21:05:22;0.22642560, -0.20918340, -0.02137370, 0.95106100
21:05:22;0.20974690, -0.21895550, -0.02828386, 0.95250440
21:05:22;0.18971670, -0.20945860, -0.02411987, 0.95893320
21:05:22;0.19062030, -0.22416570, -0.03178825, 0.95519800
21:05:22;0.21000290, -0.20009930, -0.02464610, 0.95668770
21:05:22;0.20075290, -0.21008930, -0.03100087, 0.95634700
21:05:22;0.19838360, -0.21073480, -0.03617791, 0.95651760
21:05:22;0.16643620, -0.24674560, -0.05386581, 0.95316000
21:05:23;0.12776810, -0.31052540, -0.08223242, 0.93834280
21:05:23;0.12035620, -0.33517650, -0.09787113, 0.92929670
21:05:23;0.11666430, -0.32807840, -0.10804180, 0.93117180
21:05:23;0.11675190, -0.32578110, -0.11229100, 0.93146470
21:05:23;0.11306860, -0.32731090, -0.11374890, 0.93120580
21:05:23;0.11700420, -0.32450930, -0.11316120, 0.93177160
21:05:23;0.13888810, -0.30653510, -0.10820740, 0.93543440
21:05:23;0.13644010, -0.29169150, -0.08948229, 0.94249300
21:05:23;0.12866170, -0.28696220, -0.06649197, 0.94693060
21:05:23;0.12062220, -0.25822330, -0.05316691, 0.95704980
21:05:24;0.14401650, -0.21065910, -0.04744190, 0.96572830
21:05:24;0.12437710, -0.19966000, -0.04923203, 0.97069170
21:05:24;0.13509290, -0.18614020, -0.05099555, 0.97185440
21:05:24;0.12799320, -0.17284840, -0.04209775, 0.97568890
21:05:24;0.12960880, -0.16042820, -0.03964721, 0.97769750
21:05:24;0.14140150, -0.14069970, -0.03219175, 0.97937380
21:05:24;0.13187080, -0.13734100, -0.03280796, 0.98115810
21:05:24;0.12200770, -0.13803380, -0.02763429, 0.98249540
21:05:24;0.12733230, -0.13158420, -0.03073697, 0.98261260
21:05:24;0.13087950, -0.11849010, -0.02841093, 0.98388180
21:05:25;0.12818560, -0.11021800, -0.02629233, 0.98525590
21:05:25;0.12971830, -0.10655810, -0.02579654, 0.98547090
21:05:25;0.12451560, -0.10747680, -0.02734657, 0.98600030
21:05:25;0.12231360, -0.09990264, -0.02724621, 0.98707460
21:05:25;0.12155730, -0.09976704, -0.02719299, 0.98718330
21:05:25;0.11700230, -0.09767671, -0.02874212, 0.98789860
21:05:25;0.09241883, -0.10998310, -0.01306924, 0.98954110
21:05:25;0.07622374, -0.13051880, -0.01683532, 0.98836800
21:05:25;0.06404940, -0.12485040, -0.00471977, 0.99009480
21:05:25;0.04170984, -0.12173990, -0.00020830, 0.99168530
21:05:26;0.02602841, -0.12624180, 0.00257495, 0.99165470
21:05:26;-0.00943204, -0.13540110, -0.01406313, 0.99064620
21:05:26;-0.01062704, -0.13498940, -0.01958468, 0.99059650
21:05:26;-0.01630507, -0.13706010, -0.02520037, 0.99010780
21:05:26;-0.03606887, -0.14148720, -0.02827775, 0.98887850
21:05:26;-0.03706750, -0.14588110, -0.03498073, 0.98798840
21:05:26;-0.03769125, -0.14688290, -0.03881243, 0.98767320
21:05:26;-0.03436865, -0.14529980, -0.03903351, 0.98801980
21:05:26;-0.02329238, -0.13868320, -0.04108401, 0.98921010
21:05:26;0.04888845, -0.15930150, -0.02018865, 0.98581210
21:05:27;0.06618758, -0.17660970, -0.01238923, 0.98197490
21:05:27;0.10987630, -0.20543260, -0.00829056, 0.97244840
21:05:27;0.13936610, -0.26111370, 0.02481548, 0.95487220
21:05:27;0.15977360, -0.33483730, 0.06766735, 0.92616280
21:05:27;0.15547980, -0.40554200, 0.07882351, 0.89730070
21:05:27;0.19350030, -0.42069720, 0.07246665, 0.88335720
21:05:27;0.21213780, -0.45621020, 0.07557489, 0.86090550
21:05:27;0.23236120, -0.44823150, 0.06648372, 0.86062570
21:05:27;0.29912350, -0.40502480, 0.08295859, 0.85999870
21:05:27;0.33389020, -0.38506610, 0.11151250, 0.85311570
21:05:28;0.32557030, -0.40875440, 0.11499360, 0.84480770
21:05:28;0.29180260, -0.47695050, 0.09842277, 0.82321460
21:05:28;0.30012740, -0.50489940, 0.09829944, 0.80332890
21:05:28;0.27465650, -0.54217330, 0.08894541, 0.78911370
21:05:28;0.17636320, -0.62970450, 0.02591405, 0.75610630
21:05:28;0.15968010, -0.63473590, 0.03110067, 0.75541070
21:05:28;0.09090124, -0.66065030, -0.01410069, 0.74503640
21:05:28;0.09087463, -0.69450910, -0.01732953, 0.71351140
21:05:28;0.04393255, -0.70293920, -0.02038887, 0.70959900
21:05:28;0.03239344, -0.71031430, 0.01917088, 0.70287750
21:05:29;0.00342997, -0.73301390, 0.03664355, 0.67921730
21:05:29;-0.00694169, -0.73090280, 0.03941903, 0.68130680
21:05:29;-0.02574477, -0.73580470, 0.03363563, 0.67586790
21:05:29;-0.02145860, -0.73584680, 0.05167872, 0.67483220
21:05:29;-0.03098597, -0.73402760, 0.05796717, 0.67593140
21:05:29;-0.02140095, -0.72443660, 0.06605615, 0.68583540
21:05:29;-0.00214002, -0.70851860, 0.07846280, 0.70131340
21:05:29;0.01636732, -0.70930940, 0.08951870, 0.69899830
21:05:29;0.02605176, -0.69982730, 0.11434420, 0.70461940
21:05:29;0.03568649, -0.70129820, 0.15987840, 0.69379120
21:05:30;0.07511183, -0.71690170, 0.15943050, 0.67453120
21:05:30;0.07677041, -0.71631690, 0.15523930, 0.67594180
21:05:30;0.04994939, -0.71638690, 0.16051020, 0.67714940
21:05:30;0.06381794, -0.73229790, 0.12502810, 0.66635950
21:05:30;0.07990605, -0.74495850, 0.11127500, 0.65289340
21:05:30;0.07986506, -0.74068540, 0.10427040, 0.65888880
21:05:30;0.06487502, -0.73015780, 0.11195660, 0.67091480
21:05:30;0.07116460, -0.73004960, 0.10707590, 0.67119140
21:05:30;0.09878795, -0.72897090, 0.09620380, 0.67051260
21:05:30;0.12962070, -0.72269830, 0.08416879, 0.67366250
21:05:31;0.13729810, -0.72354050, 0.06455991, 0.67340210
21:05:31;0.14201010, -0.72307930, 0.04994691, 0.67416220
21:05:31;0.09552614, -0.73117950, 0.05490363, 0.67322870
21:05:31;0.04885736, -0.73884840, 0.06743934, 0.66870620
21:05:31;0.02594291, -0.74576930, 0.07056849, 0.66194800
21:05:31;-0.01979928, -0.76611340, 0.06845771, 0.63874230
21:05:31;-0.03360569, -0.78912650, 0.06670321, 0.60967270
21:05:31;0.02341772, -0.77179900, 0.08405025, 0.62985180
21:05:31;0.16290830, -0.66404130, 0.14644650, 0.71488700
21:05:31;0.31825960, -0.43697750, 0.18194070, 0.82137640
21:05:32;0.18710210, -0.46911970, 0.18487320, 0.84305470
21:05:32;0.33776920, -0.32775260, 0.15562740, 0.86848740
21:05:32;0.40356590, -0.22757920, 0.14854980, 0.87365630
21:05:32;0.37443790, -0.20147650, 0.16066480, 0.89072460
21:05:32;0.34514320, -0.18193870, 0.14393590, 0.90942660
21:05:32;0.35303900, -0.12266250, 0.12082410, 0.91962980
21:05:32;0.26829900, -0.07440083, 0.09103819, 0.95613400
21:05:32;0.26518200, -0.01220335, 0.03964008, 0.96330590
21:05:32;0.28831700, 0.01965469, 0.00063525, 0.95733310
21:05:32;0.30937730, 0.02933718, -0.00145861, 0.95048550
21:05:33;0.32288390, 0.03479553, -0.01865924, 0.94561470
21:05:33;0.34759120, 0.06950867, -0.05801857, 0.93326460
21:05:33;0.35089190, 0.07323381, -0.05502261, 0.93192500
21:05:33;0.37142830, 0.07693815, -0.05817759, 0.92343750
21:05:33;0.39000990, 0.07916227, -0.05693986, 0.91563280
21:05:33;0.40158110, 0.09037618, -0.05819662, 0.90949310
21:05:33;0.40012060, 0.08895310, -0.05986022, 0.91016900
21:05:33;0.40147760, 0.08967790, -0.06058752, 0.90945180
21:05:33;0.39523450, 0.09008656, -0.06972224, 0.91148940
21:07:25;0.18295700, 0.18770760, -0.74750080, 0.61035660
21:07:25;0.18295700, 0.18770760, -0.74750080, 0.61035660
21:07:25;0.18295700, 0.18770760, -0.74750080, 0.61035660
21:07:25;0.28137310, 0.13613130, -0.74089070, 0.59445640
21:07:25;0.28137310, 0.13613130, -0.74089070, 0.59445640
21:07:25;0.28137310, 0.13613130, -0.74089070, 0.59445640
21:07:25;0.31393370, 0.11096910, -0.71243210, 0.61771520
21:07:25;0.31393370, 0.11096910, -0.71243210, 0.61771520
21:07:25;0.31272430, 0.07584686, -0.72941820, 0.60365550
21:07:25;0.31272430, 0.07584686, -0.72941820, 0.60365550
21:07:25;0.30335450, 0.05139731, -0.73873940, 0.59966520
21:07:26;0.27298290, 0.13940880, -0.71417960, 0.62927970
21:07:26;0.27298290, 0.13940880, -0.71417960, 0.62927970
21:07:26;0.24970370, 0.17082810, -0.68451610, 0.66325220
21:07:26;0.24970370, 0.17082810, -0.68451610, 0.66325220
21:07:26;0.23958610, 0.14419250, -0.70157410, 0.65543940
21:07:26;0.16334670, 0.16189820, -0.75387940, 0.61544510
21:07:26;0.16334670, 0.16189820, -0.75387940, 0.61544510
21:07:26;0.15755360, 0.13486320, -0.79426690, 0.57107700
21:07:26;0.14838420, 0.11995630, -0.79277580, 0.57887760
21:07:26;0.14838420, 0.11995630, -0.79277580, 0.57887760
21:07:27;0.14366750, 0.12006550, -0.79301580, 0.57971540
21:07:27;0.14366750, 0.12006550, -0.79301580, 0.57971540
21:07:27;0.14453670, 0.12125330, -0.79189210, 0.58078700
21:07:27;0.14453670, 0.12125330, -0.79189210, 0.58078700
21:07:27;0.14294870, 0.12916910, -0.78844140, 0.58415830
21:07:27;0.14537890, 0.16664820, -0.77017020, 0.59827350
21:07:27;0.14537890, 0.16664820, -0.77017020, 0.59827350
21:07:27;0.14480730, 0.16852740, -0.76971470, 0.59847200
21:07:27;0.14480730, 0.16852740, -0.76971470, 0.59847200
21:07:27;0.14623250, 0.16013050, -0.77335320, 0.59573420
21:07:28;0.14936740, 0.15624180, -0.77602170, 0.59251000
21:07:28;0.14936740, 0.15624180, -0.77602170, 0.59251000
21:07:28;0.15150950, 0.15503530, -0.77831080, 0.58927170
21:07:28;0.15150950, 0.15503530, -0.77831080, 0.58927170
21:07:28;0.15120720, 0.15178540, -0.78051480, 0.58727700
21:07:28;0.14390760, 0.14854910, -0.78099390, 0.58929810
21:07:28;0.14390760, 0.14854910, -0.78099390, 0.58929810
21:07:28;0.15615300, 0.19422000, -0.75539500, 0.60603070
21:07:28;0.15615300, 0.19422000, -0.75539500, 0.60603070
21:07:28;0.17183270, 0.20054440, -0.72701290, 0.63380400
21:07:28;0.17183270, 0.20054440, -0.72701290, 0.63380400
21:07:29;0.17825030, 0.21357750, -0.72251770, 0.63291360
21:07:29;0.17007470, 0.18570650, -0.72569850, 0.64027290
21:07:29;0.17007470, 0.18570650, -0.72569850, 0.64027290
21:07:29;0.17640660, 0.19269550, -0.70796500, 0.65615150
21:07:29;0.17640660, 0.19269550, -0.70796500, 0.65615150
21:07:29;0.18240360, 0.20656710, -0.69111370, 0.66814740
21:07:29;0.21979390, 0.23363810, -0.68072060, 0.65857670
21:07:29;0.21979390, 0.23363810, -0.68072060, 0.65857670
21:07:29;0.20532760, 0.22077110, -0.69727940, 0.65030930
21:07:29;0.20532760, 0.22077110, -0.69727940, 0.65030930
21:07:30;0.22462470, 0.19373150, -0.69439420, 0.65561310
21:07:30;0.21735620, 0.20337370, -0.68960010, 0.66018720
21:07:30;0.21735620, 0.20337370, -0.68960010, 0.66018720
21:07:30;0.21317860, 0.19929460, -0.69023810, 0.66212370
21:07:30;0.22104240, 0.19236960, -0.69084730, 0.66095700
21:07:30;0.22104240, 0.19236960, -0.69084730, 0.66095700
21:07:30;0.21378600, 0.19475440, -0.68705740, 0.66657220
21:07:30;0.21378600, 0.19475440, -0.68705740, 0.66657220
21:07:30;0.21070920, 0.20509500, -0.68554220, 0.66601020
21:07:30;0.21070920, 0.20509500, -0.68554220, 0.66601020
21:07:31;0.21182300, 0.20442270, -0.68566730, 0.66573470
21:07:31;0.21211100, 0.20811320, -0.68260490, 0.66764380
21:07:31;0.21211100, 0.20811320, -0.68260490, 0.66764380
21:07:31;0.21514380, 0.20235440, -0.68387350, 0.66714540
21:07:31;0.21514380, 0.20235440, -0.68387350, 0.66714540
21:07:31;0.22398230, 0.20395790, -0.68208490, 0.66557740
